No.,G.S.No.,ชื่อพันธุ์ข้าว,การมีขนบนแผ่นใบ  ,สีของแผ่นใบ,สีของกาบใบ,มุมของยอดแผ่นใบ,สีของลิ้นใบ,รูปร่างของลิ้นใบ  ,ความยาวของลิ้นใบ(มม.),สีของหูใบ ,สีของข้อต่อใบ ,เส้นผ่าศูนย์กลางของลำต้น( กึ่งกลางลำต้นแม่) (มม.),สีของปล้อง ,ทรงกอ ,จำนวนวันตกกล้าถึงออกดอก50 %     ,สีของยอดเกสรตัวเมีย ,สีของยอดดอก ,สีกลีบรองดอก ,หางข้าว ,สีของหางข้าว ,ความแข็งของลำต้น ,ความยาวของลำต้น(ซม.) ,ความยาวของแผ่นใบ(ซม.) ,ความกว้างของแผ่นใบ(ซม.) ,จำนวนรวง    ,ลักษณะใบธง ,ลักษณะรวง  ,การยืดของคอรวง  ,ก้านรวงทั้งรวง  ,การแตกระแง้    ,การแก่ของใบ(ไม่ดูใบธง) ,การติดเมล็ด  ,การร่วงของเมล็ด  ,การนวด  ,ความยาวของรวง(ซม.)  ,ขนบนเปลือกเมล็ด  ,สีเปลือกเมล็ด  ,ความยาวของกลีบรองดอก  ,น้ำหนัก100 เมล็ด(กรัม),ความยาวของเมล็ดข้าวเปลือก(มม.),ความกว้างของเมล็ดข้าวเปลือก(มม.),สีข้าวกล้อง ,ชนิดของข้าวสาร ,รูปร่างข้าวกล้อง ,การเป็นท้องไข่  ,ปริมาณอมิโลส(%),อุณหภูมิแป้งสุก  ,ความคงตัวของแป้งสุก  ,กลิ่นหอม  ,อัตราการยืดตัวของข้าวสุก 
1,95,นางมลเอส4,มีขน,เขียวเข้ม   ,เขียว,ตั้งตรง,ขาว,มียอด,6.84,เขียวอ่อน     ,เขียวอ่อน ,6,เหลืองอ่อน   ,กอตั้ง   ,19-ต.ค.,ขาว,ฟาง,ฟาง,ไม่มี,-,แข็งมาก (ทุกต้นตั้งตรง) ,123.8,67.4,17,12.2,เป็นแนวนอน     ,"ปานกลาง  (เช่น  KTH1ค่อนข้างกระจาย  (เช่น  หางยี) , KDML 105 , เจ้าฮ่อ)",คอรวงยาว      ,อ่อน,ปานกลาง,ใบแก่ช้า ( > 2 ใบเขียว),ติดปานกลาง  ( ติดน้อยกว่า   50%          ติดน้อย ( 50- ติดน้อยกว่า   50%          4 % )       -ไม่ติดเลย       0% )   ,ร่วงน้อย,-,29,ขนสั้น          ,ฟาง,สั้น   (< 1.ยาว (> 2.5  มม.)  แต่สั้นกว่าเปลือก มม.)  ,3.62,11.1,3.01,ขาว,ข้าวเจ้า   ,เรียว,น้อย   ,21.93,ต่ำ   (< 70๐ ซ.),ปานกลาง  (41 – 60 มม.)    ,หอม ,1.56
2,101,งาเสี้ยน,มีบ้าง,เขียว,เขียว,ตั้งตรง,ขาว,มียอด,18.2,เขียวอ่อน     ,เขียวอ่อน ,3.67,เหลืองอ่อน   ,กอตั้ง   ,26-ต.ค.,ขาว,ฟาง,ฟาง,ไม่มี,-,แข็งมาก (ทุกต้นตั้งตรง) ,132.6,50.2,13.8,14.2,ปานกลาง        ,"ปานกลาง  (เช่น  KTH1ค่อนข้างกระจาย  (เช่น  หางยี) , KDML 105 , เจ้าฮ่อ)",สั้น,อ่อน,ปานกลาง,1 ?  ใบเขียว,ติดปานกลาง  ( ติดน้อยกว่า   50%          ติดน้อย ( 50- ติดน้อยกว่า   50%          4 % )       -ไม่ติดเลย       0% )   ,ร่วงยาก          ,ปานกลาง         ,27.4,ขนสั้น          ,ฟาง,สั้น   (< 1.ยาว (> 2.5  มม.)  แต่สั้นกว่าเปลือก มม.)  ,2.42,8.33,2.79,ขาว,ข้าวเจ้า   ,ค่อนข้างป้อม    ,ค่อนข้างมาก,28,ปานกลาง  ( 70 – 74๐ ซ.),อ่อน   ( > 80 มม.)     ,ไม่หอม     ,1.64
3,102,มีดอน,มีขน,เขียว,เขียว,ตั้งตรง,ขาว,มียอด,20.42,เขียวอ่อน     ,เขียวอ่อน ,10.23,เหลืองอ่อน   ,กอตั้ง   ,25-ต.ค.,ขาว,ขาว,ฟาง,ไม่มี,-,ล้ม (ส่วนมากล้ม)    ,151.2,63.2,1.3,20.8,ปานกลาง        ,"ปานกลาง  (เช่น  KTH1ค่อนข้างกระจาย  (เช่น  หางยี) , KDML 105 , เจ้าฮ่อ)",คอรวงยาว      ,อ่อน,ระแง้ถี่,เร็ว ( แห้งหมด),ติดปานกลาง  ( ติดน้อยกว่า   50%          ติดน้อย ( 50- ติดน้อยกว่า   50%          4 % )       -ไม่ติดเลย       0% )   ,ร่วงปานกลาง,ง่าย     ,25.8,ขนสั้น          ,ฟาง,สั้น   (< 1.ยาว (> 2.5  มม.)  แต่สั้นกว่าเปลือก มม.)  ,2.84,9.27,2.89,ขาว,ข้าวเจ้า   ,ค่อนข้างป้อม    ,มาก,24.03,ปานกลาง  ( 70 – 74๐ ซ.),ปานกลาง  (41 – 60 มม.)    ,-,1.62
4,107,SR 26,มีบ้าง,เขียว,เขียว,มีหลายแบบปนกัน,ขาว,มียอด,19.8,เขียวอ่อน     ,เขียวอ่อน ,10,เขียว,กอแบะ   ,6-พ.ย.,ขาว,ฟาง,ฟาง,ไม่มี,-,แข็งมาก (ทุกต้นตั้งตรง) ,193.4,53.8,1.56,11.4,ปานกลาง        ,"ปานกลาง  (เช่น  KTH1ค่อนข้างกระจาย  (เช่น  หางยี) , KDML 105 , เจ้าฮ่อ)",คอรวงยาว      ,อ่อน,ปานกลาง,เร็ว ( แห้งหมด),ติดปานกลาง  ( ติดน้อยกว่า   50%          ติดน้อย ( 50- ติดน้อยกว่า   50%          4 % )       -ไม่ติดเลย       0% )   ,ร่วงง่าย     ,ง่าย     ,26.06,ขนสั้น          ,เหลือง,สั้น   (< 1.ยาว (> 2.5  มม.)  แต่สั้นกว่าเปลือก มม.)  ,2.98,9.96,2.78,ขาว,ข้าวเจ้า   ,เรียว,น้อย   ,22.8,ปานกลาง  ( 70 – 74๐ ซ.),แข็งปานกลาง  ( 36 – 40 มม.)   ,ไม่หอม     ,1.59
5,109,แก่นมะกอก 62-8-82,มีขน,เขียว,เขียว,นอน,ขาว,มียอด,10.96,เขียวอ่อน     ,เขียวอ่อน ,10.23,เหลืองอ่อน   ,กอแบะ   ,14-ต.ค.,ขาว,ขาว,น้ำตาล,ไม่มี,-,ล้ม (ส่วนมากล้ม)    ,141.2,60.2,1.86,15.4,ปานกลาง        ,"ปานกลาง  (เช่น  KTH1ค่อนข้างกระจาย  (เช่น  หางยี) , KDML 105 , เจ้าฮ่อ)",สั้น,อ่อน,ระแง้ถี่,?  ใบเขียว   ,ติดน้อย ( 50- ติดน้อยกว่า   50%          4 % )       ,ร่วงปานกลาง,ง่าย     ,25.8,ขนสั้น          ,น้ำตาล,สั้น   (< 1.ยาว (> 2.5  มม.)  แต่สั้นกว่าเปลือก มม.)  ,3.77,9.9,3.68,ขาว,ข้าวเหนียว  ,ค่อนข้างป้อม    ,G,7.19,ต่ำ   (< 70๐ ซ.),G,ไม่หอม     ,G
6,112,มะลิใหญ่ 33-18-46,มีขน,เขียวเข้ม   ,เขียว,นอน,ขาว,มียอด,20.18,ม่วง,เขียว,10.37,เขียวมีเส้นม่วง    ,กอตั้ง   ,17-ต.ค.,ขาว,ม่วง,ฟาง,ไม่มี,-,แข็งปานกลาง (มีล้มบ้าง)   ,146,70.2,1.98,12,มีหลายลักษณะปนกัน,"ปานกลาง  (เช่น  KTH1ค่อนข้างกระจาย  (เช่น  หางยี) , KDML 105 , เจ้าฮ่อ)",สั้น,อ่อน,ระแง้ถี่,?  ใบเขียว   ,ติดน้อย ( 50- ติดน้อยกว่า   50%          4 % )       ,ร่วงปานกลาง,ง่าย     ,27.8,ขนสั้น          ,ฟางกระน้ำตาล  ,สั้น   (< 1.ยาว (> 2.5  มม.)  แต่สั้นกว่าเปลือก มม.)  ,3.6,8.83,3.91,ขาว,ข้าวเจ้า   ,ค่อนข้างป้อม    ,มาก,26.55,ต่ำ   (< 70๐ ซ.),แข็งปานกลาง  ( 36 – 40 มม.)   ,-,1.89
7,115,ทิพย์,มีขน,เขียว,เขียว,ตก,ขาว,มียอด,0.02,เขียวอ่อน     ,เขียวอ่อน ,10.23,เหลืองอ่อน   ,กอตั้ง   ,13-ต.ค.,ขาว,ขาว,ฟาง,ไม่มี,-,แข็งปานกลาง (มีล้มบ้าง)   ,152.8,68,1.78,10.4,มีหลายลักษณะปนกัน,"ปานกลาง  (เช่น  KTH1ค่อนข้างกระจาย  (เช่น  หางยี) , KDML 105 , เจ้าฮ่อ)",สั้น,อ่อน,ระแง้ถี่,?  ใบเขียว   ,ติดน้อย ( 50- ติดน้อยกว่า   50%          4 % )       ,ร่วงปานกลาง,ง่าย     ,27.2,ขนสั้น          ,ฟางกระน้ำตาล  ,สั้น   (< 1.ยาว (> 2.5  มม.)  แต่สั้นกว่าเปลือก มม.)  ,3.67,9.88,3.32,ขาว,ข้าวเจ้า   ,ค่อนข้างป้อม    ,มาก,17.86,ต่ำ   (< 70๐ ซ.),ปานกลาง  (41 – 60 มม.)    ,-,1.79
8,116,ลูกหวาย 36-31-45,มีขน,เขียวเข้ม   ,เขียวเส้นม่วง,นอน,ขาว,มียอด,10.5,เขียวอ่อน     ,ม่วง,10.37,เขียวมีเส้นม่วง    ,กอตั้ง   ,19-ต.ค.,ขาว,ม่วง,ม่วงดำ,ไม่มี,-,ล้ม (ส่วนมากล้ม)    ,163.2,70.8,1.86,10.2,มีหลายลักษณะปนกัน,"ปานกลาง  (เช่น  KTH1ค่อนข้างกระจาย  (เช่น  หางยี) , KDML 105 , เจ้าฮ่อ)",สั้น,อ่อน,ระแง้ถี่,ปานกลาง ( 1 ใบเขียว),ติดน้อย ( 50- ติดน้อยกว่า   50%          4 % )       ,ร่วงปานกลาง,ง่าย     ,23.4,ขนสั้น          ,ม่วง,สั้น   (< 1.ยาว (> 2.5  มม.)  แต่สั้นกว่าเปลือก มม.)  ,4.11,10.08,3.92,ขาว,ข้าวเหนียว  ,ค่อนข้างป้อม    ,G,6.54,ต่ำ   (< 70๐ ซ.),G,ไม่หอม     ,G
9,117,คอเหลืองน้ำผึ้ง,มีขน,เขียว,เขียว,ตก,ขาว,มียอด,10.4,เขียวอ่อน     ,เขียวอ่อน ,10.27,เหลืองอ่อน   ,กอแบะ   ,19-ต.ค.,ขาว,ฟาง,ฟาง,ไม่มี,-,ล้ม (ส่วนมากล้ม)    ,153.2,58.8,1.44,10.2,ปานกลาง        ,"ปานกลาง  (เช่น  KTH1ค่อนข้างกระจาย  (เช่น  หางยี) , KDML 105 , เจ้าฮ่อ)",คอรวงโผล่เล็กน้อย,อ่อน,ระแง้ถี่,ปานกลาง ( 1 ใบเขียว),ติดปานกลาง  ( ติดน้อยกว่า   50%          ติดน้อย ( 50- ติดน้อยกว่า   50%          4 % )       -ไม่ติดเลย       0% )   ,ร่วงปานกลาง,ง่าย     ,25.4,ขนสั้น          ,น้ำตาล,สั้น   (< 1.ยาว (> 2.5  มม.)  แต่สั้นกว่าเปลือก มม.)  ,3.4,10.05,3.23,ขาว,ข้าวเหนียว  ,ค่อนข้างป้อม    ,G,6.56,ต่ำ   (< 70๐ ซ.),G,ไม่หอม     ,G
10,119,น้ำอ่าง 34-5-23,มีขน,ม่วงผสมเขียว,เขียว,ตก,เส้นม่วง,มียอด,20.32,เขียวอ่อน     ,ม่วง,10.37,เหลืองอ่อน   ,กอตั้ง   ,20-ต.ค.,ขาว,ม่วง,ฟาง,ไม่มี,-,ล้ม (ส่วนมากล้ม)    ,165.4,73.6,1.74,10.2,ปานกลาง        ,"ปานกลาง  (เช่น  KTH1ค่อนข้างกระจาย  (เช่น  หางยี) , KDML 105 , เจ้าฮ่อ)",สั้น,อ่อน,ระแง้ถี่,ปานกลาง ( 1 ใบเขียว),ติดน้อย ( 50- ติดน้อยกว่า   50%          4 % )       ,ร่วงปานกลาง,ง่าย     ,29.4,ขนสั้น          ,ฟาง,สั้น   (< 1.ยาว (> 2.5  มม.)  แต่สั้นกว่าเปลือก มม.)  ,3.4,10.32,3.33,ขาว,ข้าวเหนียว  ข้าวเจ้าปนข้าวเหนียว  ,ค่อนข้างป้อม    ,G/NG,11.97,ปานกลาง  ( 70 – 74๐ ซ.),อ่อน   ( > 80 มม.)     ,-,1.73
11,121,พม่าใหญ่36-22-28,มีขน,เขียว,เขียว,ตก,ขาว,มียอด,20.68,เขียวอ่อน     ,เขียวอ่อน ,10.27,เหลืองอ่อน   ,กอตั้ง   ,18-ต.ค.,ขาว,น้ำตาลหรือเหลืองเข้ม     ,ฟาง,ไม่มี,-,ล้ม (ส่วนมากล้ม)    ,186.8,65.4,1.96,9.6,ปานกลาง        ,"ปานกลาง  (เช่น  KTH1ค่อนข้างกระจาย  (เช่น  หางยี) , KDML 105 , เจ้าฮ่อ)",สั้น,อ่อน,ระแง้ถี่,ปานกลาง ( 1 ใบเขียว),ติดน้อย ( 50- ติดน้อยกว่า   50%          4 % )       ,ร่วงปานกลาง,ง่าย     ,27.2,ขนสั้น          ,ฟางขีดน้ำตาล,สั้น   (< 1.ยาว (> 2.5  มม.)  แต่สั้นกว่าเปลือก มม.)  ,3.94,10.3,3.74,ขาว,ข้าวเหนียว  ,ค่อนข้างป้อม    ,G,6.54,ปานกลาง  ( 70 – 74๐ ซ.),G,ไม่หอม     ,G
12,123,ขาวใหญ่ 33-22-119,มีขน,เขียว,เขียว,นอน,ขาว,มียอด,20.3,ม่วง,ม่วง,10.37,เหลืองอ่อน   ,กอตั้ง   ,30-ต.ค.,ขาว,ม่วง,ฟาง,ไม่มี,-,แข็งปานกลาง (มีล้มบ้าง)   ,158.6,65.2,1.52,12.8,ตั้งตรง        ,"ปานกลาง  (เช่น  KTH1ค่อนข้างกระจาย  (เช่น  หางยี) , KDML 105 , เจ้าฮ่อ)",สั้น,อ่อน,ระแง้ถี่,ปานกลาง ( 1 ใบเขียว),ติดปานกลาง  ( ติดน้อยกว่า   50%          ติดน้อย ( 50- ติดน้อยกว่า   50%          4 % )       -ไม่ติดเลย       0% )   ,ร่วงปานกลาง,ง่าย     ,27,ขนสั้น          ,ฟาง,สั้น   (< 1.ยาว (> 2.5  มม.)  แต่สั้นกว่าเปลือก มม.)  ,3.47,9.8,2.24,ขาว,ข้าวเจ้า   ,ค่อนข้างป้อม    ,มาก,26.58,ต่ำ   (< 70๐ ซ.),แข็งปานกลาง  ( 36 – 40 มม.)   ,-,1.62
13,124,เหนียวแพร่31-19-34,มีขน,เขียว,เขียว,นอน,ขาว,มียอด,20.22,เขียวอ่อน     ,เขียวอ่อน ,10.27,เหลืองอ่อน   ,กอตั้ง   ,30-ต.ค.,ขาว,ฟาง,ฟาง,ไม่มี,-,ล้ม (ส่วนมากล้ม)    ,169,72,1.6,14.4,มีหลายลักษณะปนกัน,"ปานกลาง  (เช่น  KTH1ค่อนข้างกระจาย  (เช่น  หางยี) , KDML 105 , เจ้าฮ่อ)",สั้น,อ่อน,ระแง้ถี่,ปานกลาง ( 1 ใบเขียว),ติดน้อย ( 50- ติดน้อยกว่า   50%          4 % )       ,ร่วงปานกลาง,ง่าย     ,27.2,ขนสั้น          ,น้ำตาล,สั้น   (< 1.ยาว (> 2.5  มม.)  แต่สั้นกว่าเปลือก มม.)  ,3.09,10.18,3.04,ขาว,ข้าวเจ้า   ,ค่อนข้างป้อม    ,G,23.7,ปานกลาง  ( 70 – 74๐ ซ.),แข็งปานกลาง  ( 36 – 40 มม.)   ,-,1.57
14,125,นางตม 33-20-36,มีขน,เขียว,เขียว,ตก,ขาว,มียอด,20.1,ม่วง,ม่วง,10.2,เขียวมีเส้นม่วง    ,กอตั้ง   ,27-ต.ค.,ขาว,ม่วง,ม่วงดำ,ไม่มี,-,ล้ม (ส่วนมากล้ม)    ,174.6,67.4,1.6,8.2,มีหลายลักษณะปนกัน,"ปานกลาง  (เช่น  KTH1ค่อนข้างกระจาย  (เช่น  หางยี) , KDML 105 , เจ้าฮ่อ)",สั้น,อ่อน,ระแง้ถี่,ปานกลาง ( 1 ใบเขียว),ติดปานกลาง  ( ติดน้อยกว่า   50%          ติดน้อย ( 50- ติดน้อยกว่า   50%          4 % )       -ไม่ติดเลย       0% )   ,ร่วงปานกลาง,ง่าย     ,23.4,ขนสั้น          ,ม่วง,สั้น   (< 1.ยาว (> 2.5  มม.)  แต่สั้นกว่าเปลือก มม.)  ,3.3,10.18,3.2,ขาว,ข้าวเหนียว  ,ค่อนข้างป้อม    ,G,6.83,ต่ำ   (< 70๐ ซ.),G,ไม่หอม     ,G
15,127,ดำน้ำผึ้ง 48-21-141,มีขน,เขียว,เขียว,นอน,ขาว,มียอด,10.64,เขียวอ่อน     ,เขียวอ่อน ,10.3,เหลืองอ่อน   ,กอแบะ   ,24-ต.ค.,ขาว,ขาว,ฟาง,ไม่มี,-,ล้ม (ส่วนมากล้ม)    ,171.4,60.2,1.36,10.2,ปานกลาง        ,"ปานกลาง  (เช่น  KTH1ค่อนข้างกระจาย  (เช่น  หางยี) , KDML 105 , เจ้าฮ่อ)",สั้น,อ่อน,ระแง้ถี่,ปานกลาง ( 1 ใบเขียว),ติดเมล็ด  > ไม่ติดเลย       0%          ,ร่วงง่าย     ,ง่าย     ,24.6,ขนสั้น          ,น้ำตาล,สั้น   (< 1.ยาว (> 2.5  มม.)  แต่สั้นกว่าเปลือก มม.)  ,3.36,10.17,3.22,ขาว,ข้าวเหนียว  ,ค่อนข้างป้อม    ,G,6.83,ต่ำ   (< 70๐ ซ.),G,ไม่หอม     ,G
16,130,ขี้ตมพั่ว 36-13-38,มีขน,เขียว,เขียว,นอน,ขาว,มียอด,20.22,ม่วง,ม่วง,10.13,เขียวมีเส้นม่วง    ,กอแบะ   ,28-ต.ค.,ขาว,ม่วง,ม่วงดำ,ไม่มี,-,ล้ม (ส่วนมากล้ม)    ,168.2,68.2,1.42,13,ปานกลาง        ,"ปานกลาง  (เช่น  KTH1ค่อนข้างกระจาย  (เช่น  หางยี) , KDML 105 , เจ้าฮ่อ)",สั้น,อ่อน,ระแง้ถี่,ปานกลาง ( 1 ใบเขียว),ติดปานกลาง  ( ติดน้อยกว่า   50%          ติดน้อย ( 50- ติดน้อยกว่า   50%          4 % )       -ไม่ติดเลย       0% )   ,ร่วงง่าย     ,ง่าย     ,27.2,ขนสั้น          ,ม่วง,สั้น   (< 1.ยาว (> 2.5  มม.)  แต่สั้นกว่าเปลือก มม.)  ,3,9.44,3.08,ขาว,ข้าวเจ้า   ,ค่อนข้างป้อม    ,มาก,28.41,ปานกลาง  ( 70 – 74๐ ซ.),แข็ง ( < 36  มม.),-,1.65
17,131,ผาสร้อย 29-5-102,มีบ้าง,เขียว,เขียว,มีหลายแบบปนกัน,ขาว,มียอด,24,ม่วง,เขียวอ่อน ,12.7,เขียว,กอแผ่,29-ต.ค.,ขาว,ฟาง,ฟาง,ไม่มี,-,แข็งมาก (ทุกต้นตั้งตรง) ,163.8,61.74,1.6,9.4,ปานกลาง        ,"ปานกลาง  (เช่น  KTH1ค่อนข้างกระจาย  (เช่น  หางยี) , KDML 105 , เจ้าฮ่อ)",คอรวงยาว      ,อ่อน,ระแง้ถี่,?  ใบเขียว   ,ติดปานกลาง  ( ติดน้อยกว่า   50%          ติดน้อย ( 50- ติดน้อยกว่า   50%          4 % )       -ไม่ติดเลย       0% )   ,ร่วงปานกลาง,ง่าย     ,28.1,ขนสั้น          ,เหลือง,สั้น   (< 1.ยาว (> 2.5  มม.)  แต่สั้นกว่าเปลือก มม.)  ,3.18,9.1,3.7,ขาว,ข้าวเหนียว  ,ค่อนข้างป้อม    ,G,5.493,ต่ำ   (< 70๐ ซ.),G,ไม่หอม     ,G
18,132,พม่าแดง 72-72,มีขน,ม่วงที่ริม,เขียวเส้นม่วง,ตั้งตรง,ขาว,มียอด,20,ม่วง,ม่วง,10.17,เขียวมีเส้นม่วง    ,กอตั้ง   ,30-ต.ค.,ขาว,ม่วง,ฟาง,ไม่มี,-,แข็งปานกลาง (มีล้มบ้าง)   ,149,60,1.76,13,ตั้งตรง        ,"ปานกลาง  (เช่น  KTH1ค่อนข้างกระจาย  (เช่น  หางยี) , KDML 105 , เจ้าฮ่อ)",สั้น,อ่อน,ระแง้ถี่,ปานกลาง ( 1 ใบเขียว),ติดปานกลาง  ( ติดน้อยกว่า   50%          ติดน้อย ( 50- ติดน้อยกว่า   50%          4 % )       -ไม่ติดเลย       0% )   ,ร่วงง่าย     ,ง่าย     ,26,ขนสั้น          ,ฟาง,สั้น   (< 1.ยาว (> 2.5  มม.)  แต่สั้นกว่าเปลือก มม.)  ,3.69,9.96,3.6,ขาว,ข้าวเหนียว  ,ค่อนข้างป้อม    ,G,6.89,ต่ำ   (< 70๐ ซ.),G,ไม่หอม     ,G
19,133,แก้วธรรมดา 29-17-46,มีขน,เขียว,เขียว,นอน,ขาว,มียอด,20.72,เขียวอ่อน     ,เขียวอ่อน ,10.27,เหลืองอ่อน   ,กอตั้ง   ,30-ต.ค.,ขาว,น้ำตาลหรือเหลืองเข้ม     ,ฟาง,ไม่มี,-,แข็งปานกลาง (มีล้มบ้าง)   ,173,68.8,1.64,10.4,มีหลายลักษณะปนกัน,"ปานกลาง  (เช่น  KTH1ค่อนข้างกระจาย  (เช่น  หางยี) , KDML 105 , เจ้าฮ่อ)",สั้น,อ่อน,ระแง้ถี่,ปานกลาง ( 1 ใบเขียว),ติดปานกลาง  ( ติดน้อยกว่า   50%          ติดน้อย ( 50- ติดน้อยกว่า   50%          4 % )       -ไม่ติดเลย       0% )   ,ร่วงปานกลาง,ง่าย     ,29.3,ขนสั้น          ,อื่นๆ,สั้น   (< 1.ยาว (> 2.5  มม.)  แต่สั้นกว่าเปลือก มม.)  ,3.53,9.65,3.67,ขาว,ข้าวเหนียว  ,ค่อนข้างป้อม    ,G,6.22,ต่ำ   (< 70๐ ซ.),G,ไม่หอม     ,G
20,136,ผามืด27-5-5,มีขน,เขียว,เขียวเส้นม่วง,นอน,ขาว,มียอด,10.86,เขียวอ่อน     ,เขียวอ่อน ,10.27,เขียวมีเส้นม่วง    ,กอแบะ   ,30-ต.ค.,ขาว,แดง  ,ม่วงดำ,ไม่มี,-,แข็งปานกลาง (มีล้มบ้าง)   ,176.4,76.8,1.86,12.4,ปานกลาง        ,"ปานกลาง  (เช่น  KTH1ค่อนข้างกระจาย  (เช่น  หางยี) , KDML 105 , เจ้าฮ่อ)",สั้น,อ่อน,ระแง้ถี่,ใบแก่ช้า ( > 2 ใบเขียว),ติดปานกลาง  ( ติดน้อยกว่า   50%          ติดน้อย ( 50- ติดน้อยกว่า   50%          4 % )       -ไม่ติดเลย       0% )   ,ร่วงปานกลาง,ง่าย     ,28.4,ขนสั้น          ,อื่นๆ,สั้น   (< 1.ยาว (> 2.5  มม.)  แต่สั้นกว่าเปลือก มม.)  ,4,9.57,3.89,ขาว,ข้าวเหนียว  ,ป้อม,G,6.27,ต่ำ   (< 70๐ ซ.),G,ไม่หอม     ,G
21,137,ผาเหลือดควาย,มีบ้าง,เขียว,เขียวเส้นม่วง,ตก,ขาว,มียอด,20.48,ม่วง,ม่วง,10.23,เหลืองอ่อน   ,กอแบะ   ,30-ต.ค.,ขาว,แดง  ,ฟาง,ไม่มี,-,ล้ม (ส่วนมากล้ม)    ,180.8,76.6,1.52,13.6,มีหลายลักษณะปนกัน,"ปานกลาง  (เช่น  KTH1ค่อนข้างกระจาย  (เช่น  หางยี) , KDML 105 , เจ้าฮ่อ)",สั้น,อ่อน,ระแง้ถี่,ใบแก่ช้า ( > 2 ใบเขียว),ติดปานกลาง  ( ติดน้อยกว่า   50%          ติดน้อย ( 50- ติดน้อยกว่า   50%          4 % )       -ไม่ติดเลย       0% )   ,ร่วงปานกลาง,ง่าย     ,26.6,ขนสั้น          ,อื่นๆ,สั้น   (< 1.ยาว (> 2.5  มม.)  แต่สั้นกว่าเปลือก มม.)  ,3.91,9.56,3.89,ขาว,ข้าวเหนียว  ,ค่อนข้างป้อม    ,G,6.22,ต่ำ   (< 70๐ ซ.),G,ไม่หอม     ,G
22,139,หมากม่วยใหญ่ 34-28-119,มีขน,เขียว,เขียว,นอน,ขาว,มียอด,20.02,ม่วง,ม่วง,10.33,เหลืองอ่อน   ,กอแบะ   ,18-ต.ค.,ขาว,แดง  ,ฟาง,ไม่มี,-,ล้ม (ส่วนมากล้ม)    ,168.4,65,1.64,10.46,ปานกลาง        ,"ปานกลาง  (เช่น  KTH1ค่อนข้างกระจาย  (เช่น  หางยี) , KDML 105 , เจ้าฮ่อ)",สั้น,อ่อน,ระแง้ถี่,ปานกลาง ( 1 ใบเขียว),ติดน้อย ( 50- ติดน้อยกว่า   50%          4 % )       ,ร่วงปานกลาง,ง่าย     ,25.6,ขนสั้น          ,น้ำตาล,สั้น   (< 1.ยาว (> 2.5  มม.)  แต่สั้นกว่าเปลือก มม.)  ,3.49,9.66,3.48,ขาว,ข้าวเหนียว  ,ค่อนข้างป้อม    ,G,6.24,ต่ำ   (< 70๐ ซ.),G,ไม่หอม     ,G
23,140,ปัดหิน 39-12-7,มีขน,เขียว,เขียว,นอน,ขาว,มียอด,20.48,เขียวอ่อน     ,เขียวอ่อน ,10.37,เหลืองอ่อน   ,กอตั้ง   ,18-ต.ค.,ขาว,น้ำตาลหรือเหลืองเข้ม     ,ฟาง,ไม่มี,-,ล้ม (ส่วนมากล้ม)    ,173.8,68.4,1.72,10,มีหลายลักษณะปนกัน,"ปานกลาง  (เช่น  KTH1ค่อนข้างกระจาย  (เช่น  หางยี) , KDML 105 , เจ้าฮ่อ)",สั้น,อ่อน,ระแง้ถี่,ปานกลาง ( 1 ใบเขียว),ติดน้อย ( 50- ติดน้อยกว่า   50%          4 % )       ,ร่วงปานกลาง,ง่าย     ,24.6,ขนสั้น          ,น้ำตาล,สั้น   (< 1.ยาว (> 2.5  มม.)  แต่สั้นกว่าเปลือก มม.)  ,3.83,8.8,3.77,ขาว,ข้าวเจ้า   ,ป้อม,G,28.5,ต่ำ   (< 70๐ ซ.),G,ไม่หอม     ,1.83
24,143,ดออีเห็น,มีขน,เขียวเข้ม   ,เขียว,ตก,ขาว,มียอด,20.44,เขียวอ่อน     ,เขียว,10.37,เหลืองอ่อน   ,กอตั้ง   ,27-ต.ค.,ขาว,น้ำตาลหรือเหลืองเข้ม     ,ฟาง,ไม่มี,-,ล้ม (ส่วนมากล้ม)    ,160,61.6,1.74,12,ปานกลาง        ,"ปานกลาง  (เช่น  KTH1ค่อนข้างกระจาย  (เช่น  หางยี) , KDML 105 , เจ้าฮ่อ)",สั้น,อ่อน,ระแง้ถี่,ปานกลาง ( 1 ใบเขียว),ติดเมล็ด  > ไม่ติดเลย       0%          ,ร่วงปานกลาง,ง่าย     ,23.6,ขนสั้น          ,น้ำตาล,สั้น   (< 1.ยาว (> 2.5  มม.)  แต่สั้นกว่าเปลือก มม.)  ,3.64,9.39,3.68,ขาว,ข้าวเหนียว  ,ค่อนข้างป้อม    ,G,5.67,ต่ำ   (< 70๐ ซ.),G,ไม่หอม     ,G
25,145,หอมนางดำ 32-21-55,มีขน,เขียวเข้ม   ,เขียว,นอน,ขาว,มียอด,0.14,เขียวอ่อน     ,เขียวอ่อน ,10.2,เหลืองอ่อน   ,กอแบะ   ,20-ต.ค.,ขาว,ฟาง,ฟาง,ไม่มี,-,ล้ม (ส่วนมากล้ม)    ,181,69.6,1.42,14.6,ปานกลาง        ,"ปานกลาง  (เช่น  KTH1ค่อนข้างกระจาย  (เช่น  หางยี) , KDML 105 , เจ้าฮ่อ)",สั้น,อ่อน,ระแง้ถี่,ปานกลาง ( 1 ใบเขียว),ติดเมล็ด  > ไม่ติดเลย       0%          ,ร่วงปานกลาง,ง่าย     ,26.4,ขนสั้น          ,น้ำตาล,สั้น   (< 1.ยาว (> 2.5  มม.)  แต่สั้นกว่าเปลือก มม.)  ,3.62,10.39,3.23,ขาว,ข้าวเหนียว  ,ค่อนข้างป้อม    ,G,5.69,ต่ำ   (< 70๐ ซ.),G,ไม่หอม     ,G
26,146,ขาวแม่ร้าง 34-35-3578,มีขน,เขียวเข้ม   ,เขียว,นอน,ขาว,มียอด,20.06,เขียวอ่อน     ,เขียว,10.27,เหลืองอ่อน   ,กอตั้ง   ,20-ต.ค.,ขาว,น้ำตาลหรือเหลืองเข้ม     ,ฟาง,ไม่มี,-,ล้ม (ส่วนมากล้ม)    ,168.6,60.6,1.94,11.6,ปานกลาง        ,"ปานกลาง  (เช่น  KTH1ค่อนข้างกระจาย  (เช่น  หางยี) , KDML 105 , เจ้าฮ่อ)",สั้น,อ่อน,ระแง้ถี่,ปานกลาง ( 1 ใบเขียว),ติดปานกลาง  ( ติดน้อยกว่า   50%          ติดน้อย ( 50- ติดน้อยกว่า   50%          4 % )       -ไม่ติดเลย       0% )   ,ร่วงปานกลาง,ง่าย     ,24.2,ขนสั้น          ,น้ำตาล,สั้น   (< 1.ยาว (> 2.5  มม.)  แต่สั้นกว่าเปลือก มม.)  ,3.41,9.74,3.41,ขาว,ข้าวเหนียว  ,ค่อนข้างป้อม    ,G,5.69,ต่ำ   (< 70๐ ซ.),G,ไม่หอม     ,G
27,147,แก้วดอ,มีบ้าง,เขียวเข้ม   ,เขียว,นอน,ขาว,มียอด,10.82,เขียวอ่อน     ,เขียว,10.37,เหลืองอ่อน   ,กอตั้ง   ,14-ต.ค.,ขาว,ฟาง,ฟาง,ไม่มี,-,ล้ม (ส่วนมากล้ม)    ,169.4,63.4,1.8,15.8,ตั้งตรง        ,"ปานกลาง  (เช่น  KTH1ค่อนข้างกระจาย  (เช่น  หางยี) , KDML 105 , เจ้าฮ่อ)",สั้น,อ่อน,ระแง้ถี่,ใบแก่ช้า ( > 2 ใบเขียว),ติดปานกลาง  ( ติดน้อยกว่า   50%          ติดน้อย ( 50- ติดน้อยกว่า   50%          4 % )       -ไม่ติดเลย       0% )   ,ร่วงง่าย     ,ง่าย     ,23.4,ขนสั้น          ,อื่นๆ,สั้น   (< 1.ยาว (> 2.5  มม.)  แต่สั้นกว่าเปลือก มม.)  ,3.36,8.8,3.77,ขาว,ข้าวเหนียว  ,ป้อม,G,5.84,ต่ำ   (< 70๐ ซ.),G,ไม่หอม     ,G
28,148,นางมุม 39-3-20,มีขน,เขียวเข้ม   ,เขียว,ตก,ขาว,มียอด,20.1,ม่วง,ม่วง,10.27,เขียวมีเส้นม่วง    ,กอตั้ง   ,20-ต.ค.,ขาว,ม่วง,ม่วงดำ,ไม่มี,-,ล้ม (ส่วนมากล้ม)    ,158.4,65,1.84,10.6,ตั้งตรง        ,"ปานกลาง  (เช่น  KTH1ค่อนข้างกระจาย  (เช่น  หางยี) , KDML 105 , เจ้าฮ่อ)",สั้น,อ่อน,ระแง้ถี่,ปานกลาง ( 1 ใบเขียว),ติดปานกลาง  ( ติดน้อยกว่า   50%          ติดน้อย ( 50- ติดน้อยกว่า   50%          4 % )       -ไม่ติดเลย       0% )   ,ร่วงง่าย     ,ง่าย     ,23.8,ขนสั้น          ,ม่วง,สั้น   (< 1.ยาว (> 2.5  มม.)  แต่สั้นกว่าเปลือก มม.)  ,3.31,9,3.6,ขาว,ข้าวเหนียว  ,ค่อนข้างป้อม    ,G,5.84,ต่ำ   (< 70๐ ซ.),G,ไม่หอม     ,G
29,150,ขี้ตมใหญ่ 34-7-48,มีขน,ม่วงที่ริม,เขียวเส้นม่วง,นอน,ขาว,มียอด,20.2,เขียวอ่อน     ,ม่วง,10.27,เขียวมีเส้นม่วง    ,กอตั้ง   ,16-ต.ค.,ขาว,ม่วง,ม่วงดำ,ไม่มี,-,ล้ม (ส่วนมากล้ม)    ,152.8,634,1.86,8.6,มีหลายลักษณะปนกัน,"ปานกลาง  (เช่น  KTH1ค่อนข้างกระจาย  (เช่น  หางยี) , KDML 105 , เจ้าฮ่อ)",สั้น,อ่อน,ระแง้ถี่,ปานกลาง ( 1 ใบเขียว),ติดปานกลาง  ( ติดน้อยกว่า   50%          ติดน้อย ( 50- ติดน้อยกว่า   50%          4 % )       -ไม่ติดเลย       0% )   ,ร่วงง่าย     ,ง่าย     ,22,ขนสั้น          ,ฟางกระน้ำตาล  ,สั้น   (< 1.ยาว (> 2.5  มม.)  แต่สั้นกว่าเปลือก มม.)  ,4.26,10.59,3.59,ขาว,ข้าวเหนียว  ,ค่อนข้างป้อม    ,G,6.62,ต่ำ   (< 70๐ ซ.),G,ไม่หอม     ,G
30,152,ขี้ตมขาว 31-16-1,มีขน,เขียว,เขียว,นอน,ขาว,มียอด,20.44,เขียวอ่อน     ,เขียว,10.23,เหลืองอ่อน   ,กอตั้ง   ,31-ต.ค.,ม่วงอ่อน,ม่วง,ฟาง,ไม่มี,-,ล้ม (ส่วนมากล้ม)    ,151,80.2,1.62,11.6,ตั้งตรง        ,"ปานกลาง  (เช่น  KTH1ค่อนข้างกระจาย  (เช่น  หางยี) , KDML 105 , เจ้าฮ่อ)",สั้น,อ่อน,ระแง้ถี่,ปานกลาง ( 1 ใบเขียว),ติดปานกลาง  ( ติดน้อยกว่า   50%          ติดน้อย ( 50- ติดน้อยกว่า   50%          4 % )       -ไม่ติดเลย       0% )   ,ร่วงง่าย     ,ง่าย     ,23.2,ขนสั้น          ,ฟาง,สั้น   (< 1.ยาว (> 2.5  มม.)  แต่สั้นกว่าเปลือก มม.)  ,3.73,10.16,3.3,ขาว,ข้าวเจ้า   ,ค่อนข้างป้อม    ,มาก,22.46,ต่ำ   (< 70๐ ซ.),G,ไม่หอม     ,1.63
31,153,ดอกมะลิ 39-13-43,มีขน,เขียว,เขียว,ตก,ขาว,มียอด,20.06,ม่วง,เขียว,10.23,เขียวมีเส้นม่วง    ,กอตั้ง   ,27-ต.ค.,ขาว,ม่วง,ฟาง,ไม่มี,-,ล้ม (ส่วนมากล้ม)    ,175.8,70.8,1.8,8.4,ปานกลาง        ,"ปานกลาง  (เช่น  KTH1ค่อนข้างกระจาย  (เช่น  หางยี) , KDML 105 , เจ้าฮ่อ)",สั้น,อ่อน,ระแง้ถี่,ปานกลาง ( 1 ใบเขียว),ติดปานกลาง  ( ติดน้อยกว่า   50%          ติดน้อย ( 50- ติดน้อยกว่า   50%          4 % )       -ไม่ติดเลย       0% )   ,ร่วงปานกลาง,ง่าย     ,29.2,ขนสั้น          ,ฟาง,สั้น   (< 1.ยาว (> 2.5  มม.)  แต่สั้นกว่าเปลือก มม.)  ,4.12,10.97,3.55,ขาว,ข้าวเหนียว  ,ค่อนข้างป้อม    ,G,6.36,ต่ำ   (< 70๐ ซ.),G,ไม่หอม     ,G
32,154,ขี้ควาย 36-16-41,มีบ้าง,เขียว,เขียว,ตก,ขาว,มียอด,20.04,เขียวอ่อน     ,เขียว,10.27,เหลืองอ่อน   ,กอแบะ   ,28-ต.ค.,ขาว,ฟาง,ฟาง,ไม่มี,-,ล้ม (ส่วนมากล้ม)    ,170,72.2,1.66,11.8,ปานกลาง        ,"ปานกลาง  (เช่น  KTH1ค่อนข้างกระจาย  (เช่น  หางยี) , KDML 105 , เจ้าฮ่อ)",สั้น,อ่อน,ระแง้ถี่,ปานกลาง ( 1 ใบเขียว),ติดปานกลาง  ( ติดน้อยกว่า   50%          ติดน้อย ( 50- ติดน้อยกว่า   50%          4 % )       -ไม่ติดเลย       0% )   ,ร่วงปานกลาง,ง่าย     ,27.6,ขนสั้น          ,อื่นๆ,สั้น   (< 1.ยาว (> 2.5  มม.)  แต่สั้นกว่าเปลือก มม.)  ,3.9,10.36,3.77,ขาว,ข้าวเหนียว  ,ค่อนข้างป้อม    ,G,6.38,ต่ำ   (< 70๐ ซ.),G,ไม่หอม     ,G
33,162,ผาผึ้ง 27-10-9,มีขน,เขียว,เขียว,มีหลายแบบปนกัน,ขาว,มียอด,19.4,เขียวอ่อน     ,เขียวอ่อน ,11,เขียว,กอแผ่,30-ต.ค.,ขาว,ฟาง,ฟาง,ไม่มี,-,ล้ม (ส่วนมากล้ม)    ,185,73,1.5,9.6,ตั้งตรง        ,"ปานกลาง  (เช่น  KTH1ค่อนข้างกระจาย  (เช่น  หางยี) , KDML 105 , เจ้าฮ่อ)",คอรวงยาว      ,อ่อน,ปานกลาง,ใบแก่ช้า ( > 2 ใบเขียว),ติดเมล็ด  > ไม่ติดเลย       0%          ,ร่วงง่าย     ,ง่าย     ,31.06,ขนสั้น          ,Yellow Bstr/Yellow Bspt,สั้น   (< 1.ยาว (> 2.5  มม.)  แต่สั้นกว่าเปลือก มม.)  ,3.42,9.54,3.73,-,-,-,G,5.71,ต่ำ   (< 70๐ ซ.),G,ไม่หอม     ,G
34,163,กั้วมะหวาย 29-16-78,มีขน,เขียว,เขียว,มีหลายแบบปนกัน,ขาว,มียอด,20.4,เขียวอ่อน     ,เขียวอ่อน ,11.33,เขียว,กอแผ่,1-พ.ย.,ขาว,ฟาง,ฟาง,ไม่มี,-,ล้ม (ส่วนมากล้ม)    ,177.4,68,1.62,9.4,มีหลายลักษณะปนกัน,"ปานกลาง  (เช่น  KTH1ค่อนข้างกระจาย  (เช่น  หางยี) , KDML 105 , เจ้าฮ่อ)",คอรวงยาว      ,อ่อน,ระแง้ถี่,?  ใบเขียว   ,ติดปานกลาง  ( ติดน้อยกว่า   50%          ติดน้อย ( 50- ติดน้อยกว่า   50%          4 % )       -ไม่ติดเลย       0% )   ,ร่วงปานกลาง,ง่าย     ,30.34,ขนสั้น          ,Yellow Bstr/Yellow Bspt,สั้น   (< 1.ยาว (> 2.5  มม.)  แต่สั้นกว่าเปลือก มม.)  ,3.65,9.67,3.62,-,-,-,G,4.949,ต่ำ   (< 70๐ ซ.),G,ไม่หอม     ,G
35,165,อีเซ 36-29-54,มีขน,เขียว,เขียว,มีหลายแบบปนกัน ,ขาว,มียอด,18.8,เขียวอ่อน     ,เขียวอ่อน ,8,สีอื่น ๆ   ,กอแบะ   ,27-ต.ค.,ขาว,ฟาง,ฟาง,ไม่มี,-,ล้ม (ส่วนมากล้ม)    ,192.2,66.54,1.46,9.4,ตั้งตรง        ,"ปานกลาง  (เช่น  KTH1ค่อนข้างกระจาย  (เช่น  หางยี) , KDML 105 , เจ้าฮ่อ)",คอรวงยาว      ,อ่อน,ปานกลาง,?  ใบเขียว   ,ติดปานกลาง  ( ติดน้อยกว่า   50%          ติดน้อย ( 50- ติดน้อยกว่า   50%          4 % )       -ไม่ติดเลย       0% )   ,ร่วงง่าย     ,ง่าย     ,27.92,ขนสั้น          ,S,สั้น   (< 1.ยาว (> 2.5  มม.)  แต่สั้นกว่าเปลือก มม.)  ,3.89,10.59,3.52,-,-,-,G,4.877,ต่ำ   (< 70๐ ซ.),G,ไม่หอม     ,G
36,169,พม่าเหลือง 31-6-23,มีขน,ม่วงที่ริม,สีอื่น ๆ,มีหลายแบบปนกัน,เส้นม่วง,มียอด,21,เขียวอ่อน     ,เขียวอ่อน ,11,เขียวมีเส้นม่วง    ,กอแผ่,3-พ.ย.,ขาว,สีอื่น ๆ   ,ฟาง,ไม่มี,-,ค่อนข้างแข็ง (ส่วนมากเอน),180.2,56.82,1.32,13.8,มีหลายลักษณะปนกัน,"ปานกลาง  (เช่น  KTH1ค่อนข้างกระจาย  (เช่น  หางยี) , KDML 105 , เจ้าฮ่อ)",คอรวงยาว      ,อ่อน,ปานกลาง,?  ใบเขียว   ,ติดเมล็ด  > ไม่ติดเลย       0%          ,ร่วงง่าย     ,ง่าย     ,26.86,ขนสั้น          ,Yellow /Tip,สั้น   (< 1.ยาว (> 2.5  มม.)  แต่สั้นกว่าเปลือก มม.)  ,3.78,11.02,3.45,-,-,-,G,5.207,ต่ำ   (< 70๐ ซ.),G,ไม่หอม     ,G
37,170,นางสอน 29-14-35,มีขน,เขียว,เขียว,ตั้งตรง,ขาว,มียอด,19.6,เขียวอ่อน     ,เขียวอ่อน ,11.66,เขียว,กอแบะ   ,6-พ.ย.,ขาว,ฟาง,ฟาง,ไม่มี,-,แข็งมาก (ทุกต้นตั้งตรง) ,164.6,56.88,1.66,8.2,ตั้งตรง        ,"ปานกลาง  (เช่น  KTH1ค่อนข้างกระจาย  (เช่น  หางยี) , KDML 105 , เจ้าฮ่อ)",คอรวงยาว      ,อ่อน,ปานกลาง,เร็ว ( แห้งหมด),ติดปานกลาง  ( ติดน้อยกว่า   50%          ติดน้อย ( 50- ติดน้อยกว่า   50%          4 % )       -ไม่ติดเลย       0% )   ,ร่วงง่าย     ,ง่าย     ,27.06,ขนสั้น          ,S,สั้น   (< 1.ยาว (> 2.5  มม.)  แต่สั้นกว่าเปลือก มม.)  ,3.32,9.7,3.52,-,-,-,G,6.126,ต่ำ   (< 70๐ ซ.),G,ไม่หอม     ,G
38,171,ผาเหลือง 29-11-112,มีขน,เขียว,เขียวเส้นม่วง,ตั้งตรง,ขาว,มียอด,21,เขียวอ่อน     ,เขียวอ่อน ,11,เขียว,กอแบะ   ,30-ต.ค.,ขาว,ฟาง,ฟาง,ไม่มี,-,ค่อนข้างแข็ง (ส่วนมากเอน),174,66.9,1.46,7.6,มีหลายลักษณะปนกัน,"ปานกลาง  (เช่น  KTH1ค่อนข้างกระจาย  (เช่น  หางยี) , KDML 105 , เจ้าฮ่อ)",คอรวงยาว      ,อ่อน,ปานกลาง,?  ใบเขียว   ,ติดเมล็ด  > ไม่ติดเลย       0%          ,ร่วงปานกลาง,ปานกลาง         ,29,ขนสั้น          ,B,สั้น   (< 1.ยาว (> 2.5  มม.)  แต่สั้นกว่าเปลือก มม.)  ,3.36,9.44,3.6,-,-,-,G,5.131,ต่ำ   (< 70๐ ซ.),G,ไม่หอม     ,G
39,173,หน่อแพร่ 27-12-9,มีขน,เขียว,เขียวเส้นม่วง,ตั้งตรง,ขาว,มียอด,23.6,เขียวอ่อน     ,เขียวอ่อน ,10.6,เขียว,กอตั้ง   ,7-พ.ย.,ขาว,ฟาง,ฟาง,ไม่มี,-,แข็งปานกลาง (มีล้มบ้าง)   ,172.2,57.28,1.42,10.6,มีหลายลักษณะปนกัน,"ปานกลาง  (เช่น  KTH1ค่อนข้างกระจาย  (เช่น  หางยี) , KDML 105 , เจ้าฮ่อ)",คอรวงยาว      ,อ่อน,ปานกลาง,เร็ว ( แห้งหมด),ติดเมล็ด  > ไม่ติดเลย       0%          ,ร่วงง่าย     ,ง่าย     ,23.52,ขนสั้น          ,Yellow/Bstr,สั้น   (< 1.ยาว (> 2.5  มม.)  แต่สั้นกว่าเปลือก มม.)  ,2.8,8.52,3.51,-,-,-,G,4.986,ต่ำ   (< 70๐ ซ.),G,ไม่หอม     ,G
40,174,ดอกนาก 39-9-36,มีขน,เขียว,เขียว,มีหลายแบบปนกัน,ขาว,มียอด,27.4,เขียวอ่อน     ,เขียวอ่อน ,13,เขียว,กอแบะ   ,15-พ.ย.,ขาว,ฟาง,ฟาง,ไม่มี,-,แข็งปานกลาง (มีล้มบ้าง)   ,180.6,73.28,1.54,9,หักลง,"ปานกลาง  (เช่น  KTH1ค่อนข้างกระจาย  (เช่น  หางยี) , KDML 105 , เจ้าฮ่อ)",คอรวงยาว      ,อ่อน,ระแง้ถี่,เร็ว ( แห้งหมด),ติดปานกลาง  ( ติดน้อยกว่า   50%          ติดน้อย ( 50- ติดน้อยกว่า   50%          4 % )       -ไม่ติดเลย       0% )   ,ร่วงปานกลาง,ง่าย     ,26.78,-,-,-,-,-,-,-,-,-,-,-,-,-,-,-
41,182,ผา 73-3-6,มีบ้าง,เขียว,เขียว,มีหลายแบบปนกัน,ขาว,มียอด,21.6,ม่วง,เขียวอ่อน ,9.3,เขียว,กอแผ่,31-ต.ค.,เหลือง,น้ำตาลหรือเหลืองเข้ม     ,ฟาง,ไม่มี,-,แข็งมาก (ทุกต้นตั้งตรง) ,174.8,60.2,1.46,8.8,ตั้งตรง        ,"ปานกลาง  (เช่น  KTH1ค่อนข้างกระจาย  (เช่น  หางยี) , KDML 105 , เจ้าฮ่อ)",คอรวงยาว      ,อ่อน,ปานกลาง,?  ใบเขียว   ,ติดปานกลาง  ( ติดน้อยกว่า   50%          ติดน้อย ( 50- ติดน้อยกว่า   50%          4 % )       -ไม่ติดเลย       0% )   ,ร่วงปานกลาง,ปานกลาง         ,26.92,ขนสั้น          ,เหลือง,สั้น   (< 1.ยาว (> 2.5  มม.)  แต่สั้นกว่าเปลือก มม.)  ,3.19,8.95,3.66,ขาว,ข้าวเหนียว  ,ค่อนข้างป้อม    ,G,5.493,ต่ำ   (< 70๐ ซ.),G,ไม่หอม     ,G
42,195,พม่า 100-1-51,มีขน,ม่วงที่ริม,เขียว,ตั้งตรง,เส้นม่วง,มียอด,19,ม่วง,สีอื่น ๆ  ,11,เขียว,กอตั้ง   ,31-ต.ค.,ม่วงดำ,สีอื่น ๆ   ,ฟาง,ไม่มี,-,แข็งปานกลาง (มีล้มบ้าง)   ,167,57.66,1.42,7.4,มีหลายลักษณะปนกัน,"ปานกลาง  (เช่น  KTH1ค่อนข้างกระจาย  (เช่น  หางยี) , KDML 105 , เจ้าฮ่อ)",คอรวงยาว      ,อ่อน,ปานกลาง,เร็ว ( แห้งหมด),ติดเมล็ด  > ไม่ติดเลย       0%          ,ร่วงง่าย     ,ง่าย     ,27.88,ขนสั้น          ,Yellow /Tip,สั้น   (< 1.ยาว (> 2.5  มม.)  แต่สั้นกว่าเปลือก มม.)  ,3.2,10.15,3.2,-,-,-,G,4.986,ต่ำ   (< 70๐ ซ.),G,ไม่หอม     ,G
43,196,ข้าวเหลือง 50-4-163,มีขน,เขียว,เขียว,ตั้งตรง,ขาว,มียอด,22.6,เขียวอ่อน     ,เขียวอ่อน ,9,สีอื่น ๆ   ,กอแบะ   ,8-พ.ย.,ขาว,ฟาง,ฟาง,ไม่มี,-,แข็งปานกลาง (มีล้มบ้าง)   ,180.8,54.1,1.38,11.2,มีหลายลักษณะปนกัน,"ปานกลาง  (เช่น  KTH1ค่อนข้างกระจาย  (เช่น  หางยี) , KDML 105 , เจ้าฮ่อ)",คอรวงยาว      ,อ่อน,ปานกลาง,เร็ว ( แห้งหมด),ติดเมล็ด  > ไม่ติดเลย       0%          ,ร่วงง่าย     ,ง่าย     ,22.92,ขนสั้น          ,Yellow/Bstr,สั้น   (< 1.ยาว (> 2.5  มม.)  แต่สั้นกว่าเปลือก มม.)  ,2.94,9,3.3,-,-,-,V,28.7,ต่ำ   (< 70๐ ซ.),แข็งปานกลาง  ( 36 – 40 มม.)   ,ไม่หอม     ,1.76
44,222,พวงมาลัย 31-7-5,มีขน,ม่วงที่ริม,เขียว,ตั้งตรง,เส้นม่วง,มียอด,21.4,ม่วง,สีอื่น ๆ  ,12,เขียว,กอตั้ง   ,17-พ.ย.,ม่วงอ่อน,ม่วง,ฟาง,ไม่มี,-,แข็งมาก (ทุกต้นตั้งตรง) ,148.8,59.74,1.46,7.2,มีหลายลักษณะปนกัน,-,คอรวงยาว      ,-,-,เร็ว ( แห้งหมด),-,-,-,-,-,-,-,-,-,-,-,-,-,-,-,-,-,-,-
45,223,ปิ่นเพชร,มีขน,เขียว,เขียว,ตั้งตรง,ขาว,มียอด,22.2,เขียวอ่อน     ,เขียวอ่อน ,10.33,เขียว,กอแผ่,8-พ.ย.,ขาว,ฟาง,ฟาง,ไม่มี,-,แข็งปานกลาง (มีล้มบ้าง)   ,161.4,58.04,1.58,11.6,มีหลายลักษณะปนกัน,ค่อนข้างแน่น  (เช่น  หอมคลองหลวง 1),คอรวงยาว      ,อ่อน,ระแง้ถี่,เร็ว ( แห้งหมด),ติดปานกลาง  ( ติดน้อยกว่า   50%          ติดน้อย ( 50- ติดน้อยกว่า   50%          4 % )       -ไม่ติดเลย       0% )   ,ร่วงง่าย     ,ง่าย     ,25.14,ขนสั้น          ,S,สั้น   (< 1.ยาว (> 2.5  มม.)  แต่สั้นกว่าเปลือก มม.)  ,3.11,9.82,2.94,-,-,-,V,27.72,ต่ำ   (< 70๐ ซ.),แข็งปานกลาง  ( 36 – 40 มม.)   ,ไม่หอม     ,1.83
46,236,เหลืองใหญ่ 29-12-46,มีขน,เขียว,เขียว,มีหลายแบบปนกัน,ขาว,มียอด,20.2,เขียวอ่อน     ,เขียวอ่อน ,9.6,เขียว,กอแผ่,26-ต.ค.,ขาว,ฟาง,ฟาง,ไม่มี,-,แข็งมาก (ทุกต้นตั้งตรง) ,158.6,50.32,1.28,15,ตั้งตรง        ,"ปานกลาง  (เช่น  KTH1ค่อนข้างกระจาย  (เช่น  หางยี) , KDML 105 , เจ้าฮ่อ)",คอรวงยาว      ,อ่อน,ปานกลาง,?  ใบเขียว   ,ติดเมล็ด  > ไม่ติดเลย       0%          ,ร่วงง่าย     ,ง่าย     ,24.96,-,-,-,-,-,-,-,-,-,-,-,-,-,-,-
47,237,เหลืองทอง 77-12-39,มีขน,เขียว,เขียว,มีหลายแบบปนกัน,ขาว,มียอด,27.8,เขียวอ่อน     ,เขียวอ่อน ,9,เขียว,กอตั้ง   ,26-ต.ค.,ขาว,ฟาง,ฟาง,ไม่มี,-,ค่อนข้างแข็ง (ส่วนมากเอน),154.6,63.1,1.08,12.6,มีหลายลักษณะปนกัน,"ปานกลาง  (เช่น  KTH1ค่อนข้างกระจาย  (เช่น  หางยี) , KDML 105 , เจ้าฮ่อ)",คอรวงยาว      ,อ่อน,ปานกลาง,?  ใบเขียว   ,ติดปานกลาง  ( ติดน้อยกว่า   50%          ติดน้อย ( 50- ติดน้อยกว่า   50%          4 % )       -ไม่ติดเลย       0% )   ,ร่วงง่าย     ,ง่าย     ,26.24,ขนสั้น          ,Yellow ,สั้น   (< 1.ยาว (> 2.5  มม.)  แต่สั้นกว่าเปลือก มม.)  ,3,10.38,2.63,-,-,-,M,28.43,ต่ำ   (< 70๐ ซ.),อ่อนปานกลาง  ( 61 – 80 มม.),ไม่หอม     ,1.71
48,244,เหลืองน้อย 49-3-88,มีขน,เขียว,เขียว,ตั้งตรง,ขาว,มียอด,17.6,เขียวอ่อน     ,เขียวอ่อน ,9,สีอื่น ๆ   ,กอแบะ   ,26-ต.ค.,ขาว,ฟาง,ฟาง,ไม่มี,-,ค่อนข้างแข็ง (ส่วนมากเอน),172.6,56,1.3,10.2,ตั้งตรง        ,"ปานกลาง  (เช่น  KTH1ค่อนข้างกระจาย  (เช่น  หางยี) , KDML 105 , เจ้าฮ่อ)",คอรวงยาว      ,อ่อน,ระแง้ถี่,?  ใบเขียว   ,ติดเมล็ด  > ไม่ติดเลย       0%          ,ร่วงง่าย     ,ง่าย     ,28.82,ขนสั้น          ,Yellow ,สั้น   (< 1.ยาว (> 2.5  มม.)  แต่สั้นกว่าเปลือก มม.)  ,3.32,10.26,2.88,-,-,-,Ch,28.7,ต่ำ   (< 70๐ ซ.),อ่อน   ( > 80 มม.)     ,ไม่หอม     ,1.66
49,247,ลูกปลา 77-23-73,มีขน,ม่วงที่ริม,สีอื่น ๆ,ตั้งตรง,ขาว,มียอด,22.8,ม่วง,ม่วง,9.6,เขียวมีเส้นม่วง    ,กอตั้ง   ,11-พ.ย.,ม่วงอ่อน,สีอื่น ๆ   ,สีอื่น ๆ  ,ไม่มี,-,แข็งปานกลาง (มีล้มบ้าง)   ,143.4,67.36,1.24,9.2,หักลง,"ปานกลาง  (เช่น  KTH1ค่อนข้างกระจาย  (เช่น  หางยี) , KDML 105 , เจ้าฮ่อ)",คอรวงยาว      ,อ่อน,ปานกลาง,เร็ว ( แห้งหมด),ติดปานกลาง  ( ติดน้อยกว่า   50%          ติดน้อย ( 50- ติดน้อยกว่า   50%          4 % )       -ไม่ติดเลย       0% )   ,ร่วงง่าย     ,ง่าย     ,24.04,ขนสั้น          ,S/Tip,สั้น   (< 1.ยาว (> 2.5  มม.)  แต่สั้นกว่าเปลือก มม.)  ,2.19,8.79,2.66,-,-,-,V,25.86,ต่ำ   (< 70๐ ซ.),อ่อน   ( > 80 มม.)     ,ไม่หอม     ,1.52
50,266,FA 05738,มีขน,เขียว,เขียว,มีหลายแบบปนกัน,ขาว,มียอด,21.2,เขียวอ่อน     ,เขียวอ่อน ,9.6,สีอื่น ๆ   ,กอตั้ง   ,22-ต.ค.,ขาว,ฟาง,ฟาง,ไม่มี,-,แข็งปานกลาง (มีล้มบ้าง)   ,149.6,60.32,1.14,14,มีหลายลักษณะปนกัน,"ปานกลาง  (เช่น  KTH1ค่อนข้างกระจาย  (เช่น  หางยี) , KDML 105 , เจ้าฮ่อ)",คอรวงยาว      ,อ่อน,ระแง้ถี่,?  ใบเขียว   ,ติดปานกลาง  ( ติดน้อยกว่า   50%          ติดน้อย ( 50- ติดน้อยกว่า   50%          4 % )       -ไม่ติดเลย       0% )   ,ร่วงง่าย     ,ง่าย     ,26.06,-,-,-,-,-,-,-,-,-,-,-,-,-,-,-
51,268,FA 05751,มีขน,เขียว,เขียว,ตั้งตรง,ขาว,มียอด,16.8,เขียวอ่อน     ,เขียวอ่อน ,8,เขียว,กอแบะ   ,23-ต.ค.,ขาว,ฟาง,ฟาง,ไม่มี,-,แข็งปานกลาง (มีล้มบ้าง)   ,149.8,59.3,0.9,18,มีหลายลักษณะปนกัน,ค่อนข้างกระจาย  (เช่น  หางยี),คอรวงยาว      ,อ่อน,ปานกลาง,?  ใบเขียว   ,ติดปานกลาง  ( ติดน้อยกว่า   50%          ติดน้อย ( 50- ติดน้อยกว่า   50%          4 % )       -ไม่ติดเลย       0% )   ,ร่วงง่าย     ,ง่าย     ,28.7,-,-,-,-,-,-,-,-,-,-,-,-,-,-,-
52,271,FA 05774,มีขน,เขียว,เขียว,มีหลายแบบปนกัน,ขาว,มียอด,20,เขียวอ่อน     ,เขียวอ่อน ,8,เขียว,กอแผ่,16-ต.ค.,ขาว,ฟาง,ฟาง,ไม่มี,-,ค่อนข้างแข็ง (ส่วนมากเอน),126,46.48,0.96,11,มีหลายลักษณะปนกัน,"ปานกลาง  (เช่น  KTH1ค่อนข้างกระจาย  (เช่น  หางยี) , KDML 105 , เจ้าฮ่อ)",คอรวงยาว      ,อ่อน,ปานกลาง,?  ใบเขียว   ,ติดน้อย ( 50- ติดน้อยกว่า   50%          4 % )       ,ร่วงน้อย,นวดยาก      ,28.3,-,-,-,-,-,-,-,-,-,-,-,-,-,-,-
53,277,1 B 54 CHAM,มีขน,เขียว,เขียว,ตั้งตรง,ขาว,มียอด,22.8,เขียวอ่อน     ,เขียวอ่อน ,10.6,สีอื่น ๆ   ,กอแผ่,8-พ.ย.,ขาว,ฟาง,ฟาง,บางเมล็ดหางสั้น ( < 1 ซม.)      ,ฟาง  ,ล้ม (ส่วนมากล้ม)    ,152,53.22,1.2,10.6,ปานกลาง        ,"ปานกลาง  (เช่น  KTH1ค่อนข้างกระจาย  (เช่น  หางยี) , KDML 105 , เจ้าฮ่อ)",คอรวงยาว      ,อ่อน,ปานกลาง,เร็ว ( แห้งหมด),ติดปานกลาง  ( ติดน้อยกว่า   50%          ติดน้อย ( 50- ติดน้อยกว่า   50%          4 % )       -ไม่ติดเลย       0% )   ,ร่วงปานกลาง,ปานกลาง         ,28.4,ขนสั้น          ,S,สั้น   (< 1.ยาว (> 2.5  มม.)  แต่สั้นกว่าเปลือก มม.)  ,-,11.1,2.6,-,-,-,Ch,27.71,ต่ำ   (< 70๐ ซ.),อ่อน   ( > 80 มม.)     ,ไม่หอม     ,1.79
54,278,1 R 1-40,มีขน,เขียว,เขียว,ตั้งตรง,ขาว,มียอด,17.8,เขียวอ่อน     ,เขียวอ่อน ,7.3,เขียว,กอแบะ   ,27-ต.ค.,ขาว,ฟาง,ฟาง,ไม่มี,-,ค่อนข้างแข็ง (ส่วนมากเอน),139.8,53.8,1.26,14.4,ตั้งตรง        ,"ปานกลาง  (เช่น  KTH1ค่อนข้างกระจาย  (เช่น  หางยี) , KDML 105 , เจ้าฮ่อ)",คอรวงยาว      ,อ่อน,ระแง้ถี่,ใบแก่ช้า ( > 2 ใบเขียว),ติดเมล็ด  > ไม่ติดเลย       0%          ,ร่วงง่าย     ,ง่าย     ,23.6,ขนสั้น          ,S,สั้น   (< 1.ยาว (> 2.5  มม.)  แต่สั้นกว่าเปลือก มม.)  ,2.61,10.04,2.43,-,-,-,S,24.32,ปานกลาง  ( 70 – 74๐ ซ.),อ่อน   ( > 80 มม.)     ,ไม่หอม     ,1.78
55,280,1 R 111-16,มีขน,เขียว,เขียว,ตั้งตรง,ขาว,มียอด,17.81,เขียวอ่อน     ,เขียวอ่อน ,7.6,สีอื่น ๆ   ,กอตั้ง   ,30-ต.ค.,ขาว,ฟาง,ฟาง,ไม่มี,-,แข็งปานกลาง (มีล้มบ้าง)   ,143.8,54,1.06,11.6,ตั้งตรง        ,"ปานกลาง  (เช่น  KTH1ค่อนข้างกระจาย  (เช่น  หางยี) , KDML 105 , เจ้าฮ่อ)",คอรวงยาว      ,อ่อน,ปานกลาง,1 ?  ใบเขียว,ติดปานกลาง  ( ติดน้อยกว่า   50%          ติดน้อย ( 50- ติดน้อยกว่า   50%          4 % )       -ไม่ติดเลย       0% )   ,ร่วงง่าย     ,ง่าย     ,27.02,ขนสั้น          ,S,สั้น   (< 1.ยาว (> 2.5  มม.)  แต่สั้นกว่าเปลือก มม.)  ,2.32,9.26,2.61,-,-,-,Ch,22.02,ต่ำ   (< 70๐ ซ.),อ่อนปานกลาง  ( 61 – 80 มม.),ไม่หอม     ,1.62
56,281,J 14,มีขน,เขียว,เขียว,ตั้งตรง,ขาว,มียอด,21.8,เขียวอ่อน     ,เขียวอ่อน ,7.6,สีอื่น ๆ   ,กอแผ่,23-ต.ค.,ขาว,ฟาง,ฟาง,ไม่มี,-,แข็งปานกลาง (มีล้มบ้าง)   ,136.6,52.28,0.94,12,ปานกลาง        ,"ปานกลาง  (เช่น  KTH1ค่อนข้างกระจาย  (เช่น  หางยี) , KDML 105 , เจ้าฮ่อ)",คอรวงยาว      ,อ่อน,ปานกลาง,เร็ว ( แห้งหมด),ติดเมล็ด  > ไม่ติดเลย       0%          ,ร่วงง่าย     ,ง่าย     ,26.22,-,-,-,-,-,-,-,-,-,-,-,-,-,-,-
57,282,T 52,มีบ้าง,ม่วงที่ริม,สีอื่น ๆ,ตั้งตรง,เส้นม่วง,มียอด,20.6,เส้นม่วง       ,เขียวอ่อน ,5,เขียวมีเส้นม่วง    ,กอแผ่มาก     ,13-ต.ค.,ม่วงดำ,ม่วง,ฟาง,ไม่มี,-,ล้มง่ายมาก  (ล้มทุกกอ)     ,115.4,48.72,0.58,55.6,ปานกลาง        ,ค่อนข้างกระจาย  (เช่น  หางยี),คอรวงยาว      ,อ่อน,ไม่แตก    ,เร็ว ( แห้งหมด),ติดเมล็ด  > ไม่ติดเลย       0%          ,ร่วงง่าย     ,ง่าย     ,23.5,-,-,-,-,-,-,-,-,-,-,-,-,-,-,-
58,286,ไม่ทราบชื่อ,มีขน,เขียว,เขียว,มีหลายแบบปนกัน,ขาว,มียอด,21.4,เขียวอ่อน     ,เขียวอ่อน ,9,สีอื่น ๆ   ,กอตั้ง   ,24-ต.ค.,ม่วงดำ,ม่วง,ฟาง,ไม่มี,-,แข็งมาก (ทุกต้นตั้งตรง) ,127,51.82,1.2,15.6,ตั้งตรง        ,"ปานกลาง  (เช่น  KTH1ค่อนข้างกระจาย  (เช่น  หางยี) , KDML 105 , เจ้าฮ่อ)",คอรวงยาว      ,อ่อน,ปานกลาง,เร็ว ( แห้งหมด),ติดน้อย ( 50- ติดน้อยกว่า   50%          4 % )       ,ร่วงปานกลาง,ปานกลาง         ,24.34,ขนสั้น          ,S/Tip,สั้น   (< 1.ยาว (> 2.5  มม.)  แต่สั้นกว่าเปลือก มม.)  ,3.74,11.09,2.78,-,-,-,V,27.78,ปานกลาง  ( 70 – 74๐ ซ.),อ่อน   ( > 80 มม.)     ,ไม่หอม     ,1.67
59,288,-,มีขน,เขียว,เขียว,ตั้งตรง,ขาว,มียอด,15.8,เขียวอ่อน     ,เขียวอ่อน ,9.3,เขียว,กอแบะ   ,27-ต.ค.,ขาว,ฟาง,ฟาง,ไม่มี,-,ล้ม (ส่วนมากล้ม)    ,166,62.74,1.36,7.4,มีหลายลักษณะปนกัน,"ปานกลาง  (เช่น  KTH1ค่อนข้างกระจาย  (เช่น  หางยี) , KDML 105 , เจ้าฮ่อ)",คอรวงยาว      ,อ่อน,เมล็ดเป็นกลุ่ม,เร็ว ( แห้งหมด),ติดปานกลาง  ( ติดน้อยกว่า   50%          ติดน้อย ( 50- ติดน้อยกว่า   50%          4 % )       -ไม่ติดเลย       0% )   ,ร่วงง่าย     ,ง่าย     ,27.04,ขนสั้น          ,S,สั้น   (< 1.ยาว (> 2.5  มม.)  แต่สั้นกว่าเปลือก มม.)  ,3.27,10.11,2.98,-,-,-,V,26.71,ต่ำ   (< 70๐ ซ.),อ่อนปานกลาง  ( 61 – 80 มม.),ไม่หอม     ,1.47
60,290,JAP 955,มีขน,เขียว,เขียว,ตั้งตรง,ขาว,มียอด,21,เขียวอ่อน     ,เขียวอ่อน ,9.6,เขียว,กอตั้ง   ,16-ต.ค.,ขาว,ฟาง,ฟาง,ไม่มี,-,ค่อนข้างแข็ง (ส่วนมากเอน),149.4,50.9,1.16,8.4,มีหลายลักษณะปนกัน,"ปานกลาง  (เช่น  KTH1ค่อนข้างกระจาย  (เช่น  หางยี) , KDML 105 , เจ้าฮ่อ)",คอรวงยาว      ,อ่อน,ปานกลาง,1 ?  ใบเขียว,ติดเมล็ด  > ไม่ติดเลย       0%          ,ร่วงง่าย     ,ง่าย     ,25.52,ขนสั้น          ,S,สั้น   (< 1.ยาว (> 2.5  มม.)  แต่สั้นกว่าเปลือก มม.)  ,3.86,11.07,2.86,-,-,-,Ch,26.87,ปานกลาง  ( 70 – 74๐ ซ.),ปานกลาง  (41 – 60 มม.)    ,ไม่หอม     ,1.71
61,294,FH 108-1,มีขน,เขียว,เขียว,ตั้งตรง,ขาว,มียอด,21.4,เขียวอ่อน     ,เขียวอ่อน ,8,เขียว,กอตั้ง   ,16-ต.ค.,ขาว,ฟาง,ฟาง,ไม่มี,-,ล้ม (ส่วนมากล้ม)    ,143,49.18,1.26,9.4,มีหลายลักษณะปนกัน,"ปานกลาง  (เช่น  KTH1ค่อนข้างกระจาย  (เช่น  หางยี) , KDML 105 , เจ้าฮ่อ)",คอรวงยาว      ,อ่อน,ปานกลาง,?  ใบเขียว   ,ติดปานกลาง  ( ติดน้อยกว่า   50%          ติดน้อย ( 50- ติดน้อยกว่า   50%          4 % )       -ไม่ติดเลย       0% )   ,ร่วงง่าย     ,ง่าย     ,25.82,-,-,-,-,-,-,-,-,-,-,-,-,-,-,-
62,297,FH 57-2,มีขน,เขียว,เขียว,มีหลายแบบปนกัน,ขาว,มียอด,21.6,เขียวอ่อน     ,เขียวอ่อน ,10.33,เขียว,กอแผ่,30-ต.ค.,ขาว,ฟาง,ฟาง,ไม่มี,-,แข็งปานกลาง (มีล้มบ้าง)   ,163.8,65.74,1.46,7,ตั้งตรง        ,"ปานกลาง  (เช่น  KTH1ค่อนข้างกระจาย  (เช่น  หางยี) , KDML 105 , เจ้าฮ่อ)",คอรวงยาว      ,อ่อน,ปานกลาง,?  ใบเขียว   ,ติดเมล็ด  > ไม่ติดเลย       0%          ,ร่วงง่าย     ,ง่าย     ,30.28,ขนสั้น          ,B,สั้น   (< 1.ยาว (> 2.5  มม.)  แต่สั้นกว่าเปลือก มม.)  ,3.2,9.47,3.62,-,-,-,G,4.968,ต่ำ   (< 70๐ ซ.),G,ไม่หอม     ,G
63,307,ผาเลือด 13,มีขน,เขียว,เขียว,มีหลายแบบปนกัน,ขาว,มียอด,19.8,เขียวอ่อน     ,เขียวอ่อน ,10.6,เขียว,กอแผ่,30-ต.ค.,ขาว,ฟาง,ฟาง,ไม่มี,-,ค่อนข้างแข็ง (ส่วนมากเอน),176.8,49.66,1.42,7.2,ตั้งตรง        ,"ปานกลาง  (เช่น  KTH1ค่อนข้างกระจาย  (เช่น  หางยี) , KDML 105 , เจ้าฮ่อ)",คอรวงยาว      ,อ่อน,ปานกลาง,?  ใบเขียว   ,ติดเมล็ด  > ไม่ติดเลย       0%          ,ร่วงปานกลาง,ปานกลาง         ,29.08,ขนสั้น          ,B,สั้น   (< 1.ยาว (> 2.5  มม.)  แต่สั้นกว่าเปลือก มม.)  ,3.42,9.55,3.7,-,-,-,G,4.949,ต่ำ   (< 70๐ ซ.),G,ไม่หอม     ,G
64,309,เหมยนอง 62 เอ็ม,มีบ้าง,ม่วงที่ริม,ม่วง,ตั้งตรง,เส้นม่วง,แหลม,17,เขียวอ่อน     ,เขียวอ่อน ,5,เหลืองอ่อน   ,กอตั้ง   ,27-ต.ค.,ม่วงดำ,ม่วง,ฟาง,ไม่มี,-,ค่อนข้างแข็ง (ส่วนมากเอน),124.4,61.6,14.8,11,ปานกลาง        ,"ปานกลาง  (เช่น  KTH1ค่อนข้างกระจาย  (เช่น  หางยี) , KDML 105 , เจ้าฮ่อ)",คอรวงยาว      ,อ่อน,ปานกลาง,1 ?  ใบเขียว,ติดน้อย ( 50- ติดน้อยกว่า   50%          4 % )       ,ร่วงน้อย,ปานกลาง         ,26,ขนสั้น          ,ฟาง,สั้น   (< 1.ยาว (> 2.5  มม.)  แต่สั้นกว่าเปลือก มม.)  ,3.17,9.61,3.27,ขาว,ข้าวเหนียว  ,ค่อนข้างป้อม    ,G,7.484,ต่ำ   (< 70๐ ซ.),G,ไม่หอม     ,G
65,321,เกวียน 60-9-105,มีขน,เขียว,เขียว,มีหลายแบบปนกัน,ขาว,มียอด,20.8,เขียวอ่อน     ,เขียวอ่อน ,11.6,เขียว,กอแผ่,6-พ.ย.,ขาว,ฟาง,ฟาง,บางเมล็ดหางสั้น ( < 1 ซม.)      ,ฟาง  ,ค่อนข้างแข็ง (ส่วนมากเอน),172.6,55.38,1.8,6.6,มีหลายลักษณะปนกัน,"ปานกลาง  (เช่น  KTH1ค่อนข้างกระจาย  (เช่น  หางยี) , KDML 105 , เจ้าฮ่อ)",คอรวงยาว      ,อ่อน,ระแง้ถี่,?  ใบเขียว   ,ติดเมล็ด  > ไม่ติดเลย       0%          ,ร่วงง่าย     ,ง่าย     ,29.52,-,-,-,-,-,-,-,-,-,-,-,-,-,-,-
66,323,เหลืองทอง 105-6-88,มีขน,เขียว,เขียว,มีหลายแบบปนกัน,ขาว,มียอด,21.8,เขียวอ่อน     ,เขียวอ่อน ,8,เขียว,กอตั้ง   ,30-ต.ค.,ขาว,ฟาง,ฟาง,ไม่มี,-,ล้ม (ส่วนมากล้ม)    ,165.6,63.6,1.28,9.4,หักลง,"ปานกลาง  (เช่น  KTH1ค่อนข้างกระจาย  (เช่น  หางยี) , KDML 105 , เจ้าฮ่อ)",คอรวงยาว      ,อ่อน,ระแง้ถี่,?  ใบเขียว   ,ติดปานกลาง  ( ติดน้อยกว่า   50%          ติดน้อย ( 50- ติดน้อยกว่า   50%          4 % )       -ไม่ติดเลย       0% )   ,ร่วงง่าย     ,ง่าย     ,29.68,ขนสั้น          ,S,สั้น   (< 1.ยาว (> 2.5  มม.)  แต่สั้นกว่าเปลือก มม.)  ,2.82,9.62,2.69,-,-,-,Ch,25.75,ปานกลาง  ( 70 – 74๐ ซ.),ปานกลาง  (41 – 60 มม.)    ,ไม่หอม     ,1.66
67,324,ขาวไร่ 55-1-86,มีขน,เขียว,เขียว,ตั้งตรง,ขาว,มียอด,20,เขียวอ่อน     ,เขียวอ่อน ,10,สีอื่น ๆ   ,กอตั้ง   ,24-ต.ค.,ขาว,ฟาง,ฟาง,ไม่มี,-,แข็งปานกลาง (มีล้มบ้าง)   ,168,53,1.36,8.4,มีหลายลักษณะปนกัน,ค่อนข้างแน่น  (เช่น  หอมคลองหลวง 1),คอรวงยาว      ,อ่อน,ระแง้ถี่,?  ใบเขียว   ,ติดปานกลาง  ( ติดน้อยกว่า   50%          ติดน้อย ( 50- ติดน้อยกว่า   50%          4 % )       -ไม่ติดเลย       0% )   ,ร่วงปานกลาง,ง่าย     ,26.12,ขนสั้น          ,S,สั้น   (< 1.ยาว (> 2.5  มม.)  แต่สั้นกว่าเปลือก มม.)  ,3.07,10.09,2.9,-,-,-,Ch,24.95,ปานกลาง  ( 70 – 74๐ ซ.),อ่อนปานกลาง  ( 61 – 80 มม.),ไม่หอม     ,1.68
68,326,เหลืองข้างรั้ว 41-10-22,มีขน,เขียว,เขียว,ตั้งตรง,ขาว,มียอด,21.4,เขียวอ่อน     ,เขียวอ่อน ,10.33,เขียว,กอตั้ง   ,1-พ.ย.,ขาว,ฟาง,ฟาง,ไม่มี,-,ล้มง่ายมาก  (ล้มทุกกอ)     ,164.5,57.3,1.4,8.4,มีหลายลักษณะปนกัน,"ปานกลาง  (เช่น  KTH1ค่อนข้างกระจาย  (เช่น  หางยี) , KDML 105 , เจ้าฮ่อ)",คอรวงยาว      ,อ่อน,ปานกลาง,?  ใบเขียว   ,ติดเมล็ด  > ไม่ติดเลย       0%          ,ร่วงง่าย     ,ง่าย     ,28.74,-,-,-,-,-,-,-,-,-,-,-,-,-,-,-
69,377,เหลือง  ,มีบ้าง,เขียวจาง,เขียว,ตั้งตรง,ขาว,มียอด,51.82,เขียวอ่อน     ,เขียวอ่อน ,5.9,เหลืองอ่อน   ,กอตั้ง   ,18-พ.ย.,ขาว,ฟาง,ฟาง,ไม่มี,-,แข็งมาก (ทุกต้นตั้งตรง) ,147,56.6,0.98,7.6,ตั้งตรง        ,"ปานกลาง  (เช่น  KTH1ค่อนข้างกระจาย  (เช่น  หางยี) , KDML 105 , เจ้าฮ่อ)",คอรวงยาว      ,อ่อน,ปานกลาง,ปานกลาง ( 1 ใบเขียว),ติดปานกลาง  ( ติดน้อยกว่า   50%          ติดน้อย ( 50- ติดน้อยกว่า   50%          4 % )       -ไม่ติดเลย       0% )   ,ร่วงง่าย     ,ง่าย     ,24.96,ขนสั้น          ,ฟาง,สั้น   (< 1.ยาว (> 2.5  มม.)  แต่สั้นกว่าเปลือก มม.)  ,2.59,9.59,2.75,ขาว,ข้าวเจ้า   ,ค่อนข้างป้อม    ,ค่อนข้างมาก,27.33,ปานกลาง  ( 70 – 74๐ ซ.),ปานกลาง  (41 – 60 มม.)    ,ไม่หอม     ,1.76
70,390,-,มีขน,เขียวเข้ม   ,เขียว,ตั้งตรง,ขาว,มียอด,2.14,เขียวอ่อน     ,เขียวอ่อน ,0.63,เขียว,กอตั้ง   ,30-ต.ค.,ขาว,ขาว,ฟาง,ไม่มี,-,แข็งมาก (ทุกต้นตั้งตรง) ,109.8,50.8,0.94,6.4,ตั้งตรง        ,"ปานกลาง  (เช่น  KTH1ค่อนข้างกระจาย  (เช่น  หางยี) , KDML 105 , เจ้าฮ่อ)",คอรวงโผล่เล็กน้อย,อ่อน,ปานกลาง,เร็ว ( แห้งหมด),ติดเมล็ด  > ไม่ติดเลย       0%          ,ร่วงง่าย     ,ง่าย     ,24.64,-,-,-,-,-,-,-,-,-,-,-,-,-,-,-
71,391,เหนียวสันป่าตอง 137-2-34,มีบ้าง,เขียว,เขียว,ตั้งตรง,ขาว,มียอด,24.2,เขียวอ่อน     ,เขียวอ่อน ,5,เหลืองอ่อน   ,กอตั้ง   ,22-พ.ย.,ขาว,ฟาง,ฟาง,ไม่มี,-,ล้มง่ายมาก  (ล้มทุกกอ)     ,164.4,60.6,16.2,9.4,เป็นแนวนอน     ,"ปานกลาง  (เช่น  KTH1ค่อนข้างกระจาย  (เช่น  หางยี) , KDML 105 , เจ้าฮ่อ)",คอรวงยาว      ,อ่อน,ปานกลาง,เร็ว ( แห้งหมด),ติดปานกลาง  ( ติดน้อยกว่า   50%          ติดน้อย ( 50- ติดน้อยกว่า   50%          4 % )       -ไม่ติดเลย       0% )   ,ร่วงปานกลาง,ง่าย     ,33.6,ขนสั้น          ,เหลือง,สั้น   (< 1.ยาว (> 2.5  มม.)  แต่สั้นกว่าเปลือก มม.)  ,2.72,10.01,2.49,ขาว,ข้าวเจ้า   ,เรียว,น้อย   ,26.55,ปานกลาง  ( 70 – 74๐ ซ.),อ่อนปานกลาง  ( 61 – 80 มม.),ไม่หอม     ,1.69
72,425,บีเค 2708,มีขน,เขียว,เขียว,มีหลายแบบปนกัน,ขาว,มียอด,13.6,เขียวอ่อน     ,เขียวอ่อน ,6.6,เขียว,กอตั้ง   ,18-ต.ค.,ขาว,ขาว,ฟาง,ไม่มี,-,แข็งมาก (ทุกต้นตั้งตรง) ,136.4,46,1.48,11.8,ตั้งตรง        ,ค่อนข้างแน่น  (เช่น  หอมคลองหลวง 1),คอรวงยาว      ,อ่อน,ระแง้ถี่,1 ?  ใบเขียว,ติดเมล็ด  > ไม่ติดเลย       0%          ,ร่วงง่าย     ,ง่าย     ,27.6,ขนสั้น          ,ฟาง,สั้น   (< 1.ยาว (> 2.5  มม.)  แต่สั้นกว่าเปลือก มม.)  ,2.69,10.67,2.93,ขาว,ข้าวเจ้า   ,เรียว,ค่อนข้างมาก,23.13,สูง  ( >74๐ ซ.)  ,อ่อนปานกลาง  ( 61 – 80 มม.),ไม่หอม     ,1.57
73,438,เหลืองข้างรั้ว 41-10-108,มีขน,ม่วงที่ริม,ม่วงอ่อน     ,ตั้งตรง,ขาว,มียอด,15.6,เส้นม่วง       ,ม่วง,6.6,เขียว,กอตั้ง   ,26-ต.ค.,ม่วงดำ,ชมพู,ฟาง,ไม่มี,-,ค่อนข้างแข็ง (ส่วนมากเอน),142.4,58,1.26,11,มีหลายลักษณะปนกัน,ค่อนข้างแน่น  (เช่น  หอมคลองหลวง 1),คอรวงยาว      ,อ่อน,ระแง้ถี่,?  ใบเขียว   ,ติดปานกลาง  ( ติดน้อยกว่า   50%          ติดน้อย ( 50- ติดน้อยกว่า   50%          4 % )       -ไม่ติดเลย       0% )   ,ร่วงปานกลาง,ปานกลาง         ,31.4,ขนสั้น          ,ฟาง,สั้น   (< 1.ยาว (> 2.5  มม.)  แต่สั้นกว่าเปลือก มม.)  ,2.69,10.14,2.73,ขาว,ข้าวเจ้า   ,เรียว,มาก,29.01,ปานกลาง  ( 70 – 74๐ ซ.),แข็งปานกลาง  ( 36 – 40 มม.)   ,ไม่หอม     ,1.66
74,441,ตะกร้อ 90-1-4,มีขน,เขียว,เขียว,ตั้งตรง,ขาว,มียอด,18.8,เขียวอ่อน     ,เขียวอ่อน ,8,เขียว,กอตั้ง   ,26-ต.ค.,ขาว,ขาว,ฟาง,ไม่มี,-,แข็งมาก (ทุกต้นตั้งตรง) ,144.8,50.8,1.4,10,มีหลายลักษณะปนกัน,ค่อนข้างแน่น  (เช่น  หอมคลองหลวง 1),คอรวงยาว      ,อ่อน,ระแง้ถี่,?  ใบเขียว   ,ติดปานกลาง  ( ติดน้อยกว่า   50%          ติดน้อย ( 50- ติดน้อยกว่า   50%          4 % )       -ไม่ติดเลย       0% )   ,ร่วงง่ายมาก,ง่าย     ,29.6,ขนสั้น          ,ฟาง,สั้น   (< 1.ยาว (> 2.5  มม.)  แต่สั้นกว่าเปลือก มม.)  ,3.17,10.39,3.04,ขาว,ข้าวเจ้า   ,ค่อนข้างป้อม    ,มาก,27.6,ปานกลาง  ( 70 – 74๐ ซ.),แข็งปานกลาง  ( 36 – 40 มม.)   ,ไม่หอม     ,1.68
75,442,ขาวปากหม้อ 55-3-18,มีขน,เขียว,เขียว,มีหลายแบบปนกัน,ขาว,มียอด,15,เขียวอ่อน     ,เขียวอ่อน ,7.3,เขียว,กอตั้ง   ,17-ต.ค.,ขาว,ขาว,ฟาง,ไม่มี,-,แข็งมาก (ทุกต้นตั้งตรง) ,138.4,41.4,4.78,13.2,ตั้งตรง        ,ค่อนข้างแน่น  (เช่น  หอมคลองหลวง 1),คอรวงยาว      ,อ่อน,ระแง้ถี่,1 ?  ใบเขียว,ติดเมล็ด  > ไม่ติดเลย       0%          ,ร่วงง่าย     ,ง่าย     ,27.4,ขนสั้น          ,น้ำตาล,สั้น   (< 1.ยาว (> 2.5  มม.)  แต่สั้นกว่าเปลือก มม.)  ,3.49,10.79,2.95,ขาว,ข้าวเจ้า   ,เรียว,ค่อนข้างมาก,23.78,ปานกลาง  ( 70 – 74๐ ซ.),ปานกลาง  (41 – 60 มม.)    ,ไม่หอม     ,1.66
76,443,TC 1614,มีขน,เขียว,เขียว,มีหลายแบบปนกัน,ขาว,มียอด,13.6,เขียวอ่อน     ,เขียวอ่อน ,6.6,เขียว,กอตั้ง   ,20-ต.ค.,ขาว,ขาว,ฟาง,ไม่มี,-,แข็งมาก (ทุกต้นตั้งตรง) ,148.4,45.2,1.5,12.8,ตั้งตรง        ,"ปานกลาง  (เช่น  KTH1ค่อนข้างกระจาย  (เช่น  หางยี) , KDML 105 , เจ้าฮ่อ)",สั้น,อ่อน,ปานกลาง,1 ?  ใบเขียว,ติดเมล็ด  > ไม่ติดเลย       0%          ,ร่วงง่าย     ,ง่าย     ,29,ขนสั้น          ,ฟางกระน้ำตาล  ,สั้น   (< 1.ยาว (> 2.5  มม.)  แต่สั้นกว่าเปลือก มม.)  ,3.56,10.68,2.91,ขาว,ข้าวเจ้า   ,เรียว,ค่อนข้างมาก,23.52,ปานกลาง  ( 70 – 74๐ ซ.),อ่อนปานกลาง  ( 61 – 80 มม.),ไม่หอม     ,1.69
77,453,เศรษฐี 68-6-23,มีขน,เขียว,เขียว,ตั้งตรง,ขาว,มียอด,20,เขียวอ่อน     ,เขียวอ่อน ,7.3,เขียว,กอตั้ง   ,27-ต.ค.,ขาว,ขาว,ฟาง,บางเมล็ดหางสั้น ( < 1 ซม.)      ,ฟาง  ,ค่อนข้างแข็ง (ส่วนมากเอน),137,52.8,1.42,8.4,ตั้งตรง        ,ค่อนข้างแน่น  (เช่น  หอมคลองหลวง 1),คอรวงยาว      ,อ่อน,ระแง้ถี่,?  ใบเขียว   ,ติดปานกลาง  ( ติดน้อยกว่า   50%          ติดน้อย ( 50- ติดน้อยกว่า   50%          4 % )       -ไม่ติดเลย       0% )   ,ร่วงง่าย     ,ง่าย     ,32.8,ขนสั้น          ,ฟางกระน้ำตาล  ,สั้น   (< 1.ยาว (> 2.5  มม.)  แต่สั้นกว่าเปลือก มม.)  ,2.86,10.37,2.85,ขาว,ข้าวเจ้า   ,เรียว,มาก,23.5,สูง  ( >74๐ ซ.)  ,อ่อนปานกลาง  ( 61 – 80 มม.),ไม่หอม     ,1.74
78,458,ปลาแข็ง 70-2-76,มีขน,เขียว,เขียว,ตั้งตรง,ขาว,มียอด,12,ม่วง,เขียวอ่อน ,7,เขียว,กอตั้ง   ,30-ต.ค.,ม่วงดำ,ม่วง,ฟาง,ไม่มี,-,ค่อนข้างแข็ง (ส่วนมากเอน),146.9,61.8,1.36,13.4,หักลง,ค่อนข้างแน่น  (เช่น  หอมคลองหลวง 1),คอรวงยาว      ,อ่อน,ระแง้ถี่,ปานกลาง ( 1 ใบเขียว),ติดปานกลาง  ( ติดน้อยกว่า   50%          ติดน้อย ( 50- ติดน้อยกว่า   50%          4 % )       -ไม่ติดเลย       0% )   ,ร่วงง่าย     ,ง่าย     ,35.4,ขนสั้น          ,ม่วง,สั้น   (< 1.ยาว (> 2.5  มม.)  แต่สั้นกว่าเปลือก มม.)  ,3.54,11.02,2.75,ขาว,ข้าวเจ้า   ,เรียว,ค่อนข้างมาก,23.85,ต่ำ   (< 70๐ ซ.),อ่อนปานกลาง  ( 61 – 80 มม.),ไม่หอม     ,1.59
79,461,งันดง 34-3-95,มีขน,เขียว,เขียว,ตั้งตรง,ขาว,มียอด,19.4,เขียวอ่อน     ,เขียวอ่อน ,12.3,เขียว,กอตั้ง   ,13-ต.ค.,ขาว,ขาว,ฟาง,ไม่มี,-,ค่อนข้างแข็ง (ส่วนมากเอน),134,62,8,7.4,มีหลายลักษณะปนกัน,ค่อนข้างแน่น  (เช่น  หอมคลองหลวง 1),คอรวงยาว      ,อ่อน,ระแง้ถี่,?  ใบเขียว   ,ติดปานกลาง  ( ติดน้อยกว่า   50%          ติดน้อย ( 50- ติดน้อยกว่า   50%          4 % )       -ไม่ติดเลย       0% )   ,ร่วงง่ายมาก,ง่าย     ,28.8,ขนสั้น          ,น้ำตาล,สั้น   (< 1.ยาว (> 2.5  มม.)  แต่สั้นกว่าเปลือก มม.)  ,3.72,10.46,3.62,ขาว,ข้าวเหนียว  ,ค่อนข้างป้อม    ,G,6.452,ปานกลาง  ( 70 – 74๐ ซ.),G,ไม่หอม     ,G
80,466,ทันแขก 60-6-84,มีขน,ม่วงที่ริม,ม่วง,ตั้งตรง,ขาว,มียอด,21,ม่วง,ม่วง,7,เขียวมีเส้นม่วง    ,กอตั้ง   ,18-ต.ค.,ขาว,ดำ,ม่วงดำ,ไม่มี,-,แข็งมาก (ทุกต้นตั้งตรง) ,149.2,55,1.54,7.8,ตั้งตรง        ,ค่อนข้างแน่น  (เช่น  หอมคลองหลวง 1),คอรวงยาว      ,อ่อน,ระแง้ถี่,?  ใบเขียว   ,ติดเมล็ด  > ไม่ติดเลย       0%          ,ร่วงง่าย     ,ง่าย     ,29.6,ขนสั้น          ,ฟาง,สั้น   (< 1.ยาว (> 2.5  มม.)  แต่สั้นกว่าเปลือก มม.)  ,3.26,9.14,3.45,ขาว,ข้าวเจ้า   ,ค่อนข้างป้อม    ,มาก,27.34,ต่ำ   (< 70๐ ซ.),แข็ง ( < 36  มม.),ไม่หอม     ,1.91
81,469,ขาวตาโอ,มีขน,เขียว,เขียว,ตั้งตรง,ขาว,มียอด,14,เขียวอ่อน     ,เขียวอ่อน ,6,เขียว,กอตั้ง   ,19-ต.ค.,ขาว,ขาว,ฟาง,ไม่มี,-,แข็งมาก (ทุกต้นตั้งตรง) ,130.4,44.4,1.38,14,ตั้งตรง        ,ค่อนข้างแน่น  (เช่น  หอมคลองหลวง 1),คอรวงยาว      ,อ่อน,ระแง้ถี่,?  ใบเขียว   ,ติดเมล็ด  > ไม่ติดเลย       0%          ,ร่วงง่ายมาก,ง่าย     ,27.8,ขนสั้น          ,ฟางขีดน้ำตาล,สั้น   (< 1.ยาว (> 2.5  มม.)  แต่สั้นกว่าเปลือก มม.)  ,3.29,10.79,2.81,ขาว,ข้าวเจ้า   ,เรียว,ค่อนข้างมาก,23.69,ปานกลาง  ( 70 – 74๐ ซ.),อ่อนปานกลาง  ( 61 – 80 มม.),ไม่หอม     ,1.7
82,473,นางลาย 147-10-47,มีขน,เขียว,เขียว,ตั้งตรง,ขาว,มียอด,16.2,เขียวอ่อน     ,เขียวอ่อน ,8,เขียว,กอตั้ง   ,17-ต.ค.,ขาว,ขาว,ฟาง,ไม่มี,-,แข็งมาก (ทุกต้นตั้งตรง) ,133,48.6,1.44,11.8,ตั้งตรง        ,ค่อนข้างแน่น  (เช่น  หอมคลองหลวง 1),คอรวงยาว      ,อ่อน,ระแง้ถี่,?  ใบเขียว   ,ติดเมล็ด  > ไม่ติดเลย       0%          ,ร่วงง่ายมาก,ง่าย     ,27.2,ขนสั้น          ,ฟาง,สั้น   (< 1.ยาว (> 2.5  มม.)  แต่สั้นกว่าเปลือก มม.)  ,3.13,10.54,2.93,ขาว,ข้าวเหนียว  ,เรียว,G,6.253,ต่ำ   (< 70๐ ซ.),G,ไม่หอม     ,G
83,487,KSRH.R732-5-12,มีขน,เขียว,เขียว,ตั้งตรง,ขาว,มียอด,23.4,เขียวอ่อน     ,เขียวอ่อน ,6.67,เขียว,กอแบะ   ,30-ต.ค.,ขาว,ฟาง,สีอื่น ๆ    ,ไม่มี,-,ล้ม (ส่วนมากล้ม)    ,154,59.8,14.8,12.2,เป็นแนวนอน     ,"ปานกลาง  (เช่น  KTH1ค่อนข้างกระจาย  (เช่น  หางยี) , KDML 105 , เจ้าฮ่อ)",คอรวงยาว      ,อ่อน,ปานกลาง,ปานกลาง ( 1 ใบเขียว),ติดเมล็ด  > ไม่ติดเลย       0%          ,ร่วงง่าย     ,ปานกลาง         ,30.2,ขนสั้น          ,ฟาง,ปานกลาง  (1.6 – 2.ยาว (> 2.5  มม.)  แต่สั้นกว่าเปลือก มม.),3.4,8.99,1.53,น้ำตาลอ่อน     ,ข้าวเจ้า   ,ค่อนข้างป้อม    ,น้อย   ,22.2,ปานกลาง  ( 70 – 74๐ ซ.),อ่อนปานกลาง  ( 61 – 80 มม.),ไม่หอม     ,1.7
84,514,ลืมแกง PW 60-22-1175,มีบ้าง,เขียวเข้ม   ,เขียว,ตั้งตรง,ขาว,มียอด,20,เขียวอ่อน     ,เขียวอ่อน ,5,เหลืองอ่อน   ,กอตั้ง   ,22-พ.ย.,ขาว,ม่วง,ม่วงดำ,ไม่มี,-,แข็งมาก (ทุกต้นตั้งตรง) ,140,52.8,14.2,9.4,หักลง,"ปานกลาง  (เช่น  KTH1ค่อนข้างกระจาย  (เช่น  หางยี) , KDML 105 , เจ้าฮ่อ)",คอรวงยาว      ,อ่อน,ปานกลาง,ปานกลาง ( 1 ใบเขียว),ติดปานกลาง  ( ติดน้อยกว่า   50%          ติดน้อย ( 50- ติดน้อยกว่า   50%          4 % )       -ไม่ติดเลย       0% )   ,ร่วงปานกลาง,ปานกลาง         ,32.2,ขนสั้น          ,เหลือง,สั้น   (< 1.ยาว (> 2.5  มม.)  แต่สั้นกว่าเปลือก มม.)  ,2.8,9.79,2.87,ขาว,ข้าวเหนียว  ,ค่อนข้างป้อม    ,G,5.547,ต่ำ   (< 70๐ ซ.),G,ไม่หอม     ,G
85,521,เหนียวเจ้า PW60-22-373,มีขน,เขียว,เขียว,ตก,ขาว,มียอด,17.2,เขียวอ่อน     ,เขียวอ่อน ,6.33,เหลืองอ่อน   ,กอตั้ง   ,14-ต.ค.,ขาว,ขาว,สีอื่น ๆ    ,บางเมล็ดหางสั้น ( < 1 ซม.)      ,สีอื่น ๆ    ,ล้ม (ส่วนมากล้ม)    ,167.4,57.4,1.42,13.8,หักลง,"ปานกลาง  (เช่น  KTH1ค่อนข้างกระจาย  (เช่น  หางยี) , KDML 105 , เจ้าฮ่อ)",คอรวงยาว      ,อ่อน,ระแง้ถี่,เร็ว ( แห้งหมด),ติดเมล็ด  > ไม่ติดเลย       0%          ,ร่วงน้อย,ปานกลาง         ,30.2,ขนสั้น          ,ฟาง,สั้น   (< 1.ยาว (> 2.5  มม.)  แต่สั้นกว่าเปลือก มม.)  ,3.06,11.11,2.72,ขาว,ข้าวเจ้า   ,เรียว,ค่อนข้างมาก,23.99,ปานกลาง  ( 70 – 74๐ ซ.),ปานกลาง  (41 – 60 มม.)    ,ไม่หอม     ,1.66
86,522,กาบยาง,มีบ้าง,เขียว,เขียวเส้นม่วง,ตั้งตรง,ขาว,มียอด,25.4,เขียวอ่อน     ,ม่วง,8.66,เขียวมีเส้นม่วง    ,กอตั้ง   ,29-ต.ค.,ขาว,ม่วง,แดง,ไม่มี,-,แข็งมาก (ทุกต้นตั้งตรง) ,172.6,74.6,1.58,4.8,มีหลายลักษณะปนกัน,"ปานกลาง  (เช่น  KTH1ค่อนข้างกระจาย  (เช่น  หางยี) , KDML 105 , เจ้าฮ่อ)",คอรวงยาว      ,อ่อน,ระแง้ถี่,ใบแก่ช้า ( > 2 ใบเขียว),ติดเมล็ด  > ไม่ติดเลย       0%          ,ร่วงง่าย     ,ง่าย     ,30.4,ขนสั้น          ,ฟาง,สั้น   (< 1.ยาว (> 2.5  มม.)  แต่สั้นกว่าเปลือก มม.)  ,3.56,11.04,3.22,ขาว,ข้าวเหนียว  ,เรียว,G,7.05,ต่ำ   (< 70๐ ซ.),G,ไม่หอม     ,G
87,524,ขาวดอกมะลิ4-2-105,มีบ้าง,เขียว,เขียว,มีหลายแบบปนกัน,ขาว,มียอด,19.7,เขียวอ่อน     ,เขียวอ่อน ,17,เขียว,กอตั้ง   ,22-ต.ค.,ขาว,ขาว,ฟาง,ไม่มี,-,แข็งปานกลาง (มีล้มบ้าง)   ,149.4,69.4,1.3,8.6,ปานกลาง        ,ค่อนข้างกระจาย  (เช่น  หางยี),คอรวงยาว      ,อ่อน,ปานกลาง,ใบแก่ช้า ( > 2 ใบเขียว),ติดเมล็ด  > ไม่ติดเลย       0%          ,ร่วงง่าย     ,ง่าย     ,26.8,ขนสั้น          ,น้ำตาล,สั้น   (< 1.ยาว (> 2.5  มม.)  แต่สั้นกว่าเปลือก มม.)  ,3.14,10.5,2.69,ขาว,ข้าวเจ้า   ,เรียว,ปานกลาง    ,27.9,ปานกลาง  ( 70 – 74๐ ซ.),ปานกลาง  (41 – 60 มม.)    ,ไม่หอม     ,1.65
88,526,เหลืองทอง 105-6-101,มีบ้าง,เขียว,เขียว,ตั้งตรง,ขาว,มียอด,19.2,เขียวอ่อน     ,เขียวอ่อน ,18,เขียว,กอตั้ง   ,21-ต.ค.,ขาว,ขาว,ฟาง,บางเมล็ดหางยาว  ( > 1 ซม.)           ,ฟาง  ,แข็งปานกลาง (มีล้มบ้าง)   ,150.4,56.5,1.3,8,ตั้งตรง        ,"ปานกลาง  (เช่น  KTH1ค่อนข้างกระจาย  (เช่น  หางยี) , KDML 105 , เจ้าฮ่อ)",คอรวงยาว      ,อ่อน,ปานกลาง,ใบแก่ช้า ( > 2 ใบเขียว),ติดเมล็ด  > ไม่ติดเลย       0%          ,ร่วงง่ายมาก,ง่าย     ,27.5,ขนสั้น          ,ฟางกระน้ำตาล  ,สั้น   (< 1.ยาว (> 2.5  มม.)  แต่สั้นกว่าเปลือก มม.)  ,3.14,10.76,2.77,ขาว,ข้าวเจ้า   ,เรียว,ค่อนข้างมาก,26.37,ปานกลาง  ( 70 – 74๐ ซ.),อ่อนปานกลาง  ( 61 – 80 มม.),ไม่หอม     ,1.64
89,527,เหลืองใหญ่ 75-4-62,มีบ้าง,เขียว,เขียว,ตั้งตรง,ขาว,มียอด,24.6,เขียวอ่อน     ,เขียวอ่อน ,6.7,เขียว,กอแบะ   ,7-พ.ย.,ขาว,ขาว,ฟาง,ไม่มี,-,แข็งมาก (ทุกต้นตั้งตรง) ,153.2,68.6,1.14,9.4,หักลง,ค่อนข้างกระจาย  (เช่น  หางยี),คอรวงยาว      ,อ่อน,ปานกลาง,ใบแก่ช้า ( > 2 ใบเขียว),ติดเมล็ด  > ไม่ติดเลย       0%          ,ร่วงง่ายมาก,ง่าย     ,27.1,ขนสั้น          ,ฟางกระน้ำตาล  ,สั้น   (< 1.ยาว (> 2.5  มม.)  แต่สั้นกว่าเปลือก มม.)  ,2.92,10.24,2.71,ขาว,ข้าวเจ้า   ,เรียว,ปานกลาง    ,20.52,ปานกลาง  ( 70 – 74๐ ซ.),ปานกลาง  (41 – 60 มม.)    ,ไม่หอม     ,1.59
90,528,นางหวัน 60-7-91,มีบ้าง,เขียว,เขียว,ตั้งตรง,ขาว,มียอด,23,เขียวอ่อน     ,เขียวอ่อน ,8.7,เขียว,กอแบะ   ,27-ต.ค.,ขาว,ขาว,ฟาง,ไม่มี,-,แข็งมาก (ทุกต้นตั้งตรง) ,160,65,1.3,7,ปานกลาง        ,"ปานกลาง  (เช่น  KTH1ค่อนข้างกระจาย  (เช่น  หางยี) , KDML 105 , เจ้าฮ่อ)",คอรวงยาว      ,อ่อน,ปานกลาง,ปานกลาง ( 1 ใบเขียว),ติดปานกลาง  ( ติดน้อยกว่า   50%          ติดน้อย ( 50- ติดน้อยกว่า   50%          4 % )       -ไม่ติดเลย       0% )   ,ร่วงง่าย     ,ง่าย     ,29.3,ขนสั้น          ,ม่วง,สั้น   (< 1.ยาว (> 2.5  มม.)  แต่สั้นกว่าเปลือก มม.)  ,3.08,10.69,2.73,ขาว,ข้าวเจ้า   ,เรียว,ค่อนข้างมาก,26.02,ปานกลาง  ( 70 – 74๐ ซ.),ปานกลาง  (41 – 60 มม.)    ,ไม่หอม     ,1.65
91,532,เหลืองใหญ่ 74-4-20,มีขน,เขียว,เขียว,ตั้งตรง,ขาว,มียอด,19.16,เขียวอ่อน     ,เขียวอ่อน ,9.6,เขียว,กอแบะ   ,8-พ.ย.,ขาว,ขาว,ฟาง,ไม่มี,-,แข็งมาก (ทุกต้นตั้งตรง) ,146.6,68,1.36,7,ตั้งตรง        ,"ปานกลาง  (เช่น  KTH1ค่อนข้างกระจาย  (เช่น  หางยี) , KDML 105 , เจ้าฮ่อ)",สั้น,อ่อน,เมล็ดเป็นกลุ่ม,ใบแก่ช้า ( > 2 ใบเขียว),ติดเมล็ด  > ไม่ติดเลย       0%          ,ร่วงง่าย     ,ง่าย     ,24.1,ขนสั้น          ,น้ำตาล,สั้น   (< 1.ยาว (> 2.5  มม.)  แต่สั้นกว่าเปลือก มม.)  ,2.92,10.03,2.89,ขาว,ข้าวเจ้า   ,ค่อนข้างป้อม    ,ค่อนข้างมาก,20.32,สูง  ( >74๐ ซ.)  ,ปานกลาง  (41 – 60 มม.)    ,ไม่หอม     ,1.86
92,533,ขาวปากหม้อ 55-3-61                                 ,มีขน,เขียว,เขียว,ตก,ขาว,มียอด,20,เขียวอ่อน     ,เขียวอ่อน ,5.33,เหลืองอ่อน   ,กอตั้ง   ,22-ต.ค.,ขาว,ขาว,สีอื่น ๆ  ,ไม่มี,-,แข็งมาก (ทุกต้นตั้งตรง) ,187.6,69.4,1.58,12.8,ปานกลาง        ,ค่อนข้างแน่น  (เช่น  หอมคลองหลวง 1),คอรวงยาว      ,อ่อน,ระแง้ถี่,ใบแก่ช้า ( > 2 ใบเขียว),ติดปานกลาง  ( ติดน้อยกว่า   50%          ติดน้อย ( 50- ติดน้อยกว่า   50%          4 % )       -ไม่ติดเลย       0% )   ,ร่วงง่าย     ,ง่าย     ,32.4,ขนสั้น          ,ฟาง,สั้น   (< 1.ยาว (> 2.5  มม.)  แต่สั้นกว่าเปลือก มม.)  ,3.35,10.6,2.82,ขาว,ข้าวเจ้า   ,ป้อม,ค่อนข้างมาก,22.89,ปานกลาง  ( 70 – 74๐ ซ.),ปานกลาง  (41 – 60 มม.)    ,ไม่หอม     ,1.74
93,534,ขาวปากหม้อ 55-3-63,มีบ้าง,เขียว,เขียว,ตั้งตรง,ขาว,มียอด,19.6,เส้นม่วง       ,เขียวอ่อน ,5,เหลืองอ่อน   ,กอตั้ง   ,11-พ.ย.,ขาว,ฟาง,ฟาง,ไม่มี,-,ค่อนข้างแข็ง (ส่วนมากเอน),156,72,16.2,10.8,มีหลายลักษณะปนกัน,"ปานกลาง  (เช่น  KTH1ค่อนข้างกระจาย  (เช่น  หางยี) , KDML 105 , เจ้าฮ่อ)",คอรวงยาว      ,อ่อน,ปานกลาง,ปานกลาง ( 1 ใบเขียว),ติดปานกลาง  ( ติดน้อยกว่า   50%          ติดน้อย ( 50- ติดน้อยกว่า   50%          4 % )       -ไม่ติดเลย       0% )   ,ร่วงปานกลาง,ปานกลาง         ,31.2,ขนสั้น          ,ฟาง,สั้น   (< 1.ยาว (> 2.5  มม.)  แต่สั้นกว่าเปลือก มม.)  ,3.26,10.28,2.93,ขาว,ข้าวเจ้า   ,ค่อนข้างป้อม    ,น้อย   ,27,ต่ำ   (< 70๐ ซ.),แข็ง ( < 36  มม.),ไม่หอม     ,1.67
94,536,เก้ารวง 17-12-106,มีขน,เขียว,เขียว,ตั้งตรง,ขาว,แหลม,17.4,เขียวอ่อน     ,เขียวอ่อน ,0.8,เขียว,กอตั้ง   ,14-ต.ค.,ขาว,ขาว,ฟาง,ไม่มี,-,ล้ม (ส่วนมากล้ม)    ,128.2,56.6,1.5,6.4,มีหลายลักษณะปนกัน,"ปานกลาง  (เช่น  KTH1ค่อนข้างกระจาย  (เช่น  หางยี) , KDML 105 , เจ้าฮ่อ)",คอรวงยาว      ,อ่อน,ปานกลาง,ใบแก่ช้า ( > 2 ใบเขียว),ติดเมล็ด  > ไม่ติดเลย       0%          ,ร่วงยาก          ,ปานกลาง         ,28,ขนสั้น          ,ฟาง,สั้น   (< 1.ยาว (> 2.5  มม.)  แต่สั้นกว่าเปลือก มม.)  ,2.91,10.58,2.69,ขาว,ข้าวเจ้า   ,เรียว,ค่อนข้างมาก,23.05,ปานกลาง  ( 70 – 74๐ ซ.),ปานกลาง  (41 – 60 มม.)    ,ไม่หอม     ,1.72
95,539,กู้เมือง,มีขน,เขียว,เขียว,ตั้งตรง,ขาว,มียอด,17.8,เขียวอ่อน     ,เขียวอ่อน ,8,เขียว,กอแบะ   ,22-ต.ค.,ขาว,ฟาง,ฟาง,ไม่มี,-,แข็งมาก (ทุกต้นตั้งตรง) ,121.2,60.16,1.54,8.2,มีหลายลักษณะปนกัน,"ปานกลาง  (เช่น  KTH1ค่อนข้างกระจาย  (เช่น  หางยี) , KDML 105 , เจ้าฮ่อ)",คอรวงยาว      ,อ่อน,ปานกลาง,1 ?  ใบเขียว,ติดเมล็ด  > ไม่ติดเลย       0%          ,ร่วงง่าย     ,ง่าย     ,29.4,ขนสั้น          ,ฟาง,สั้น   (< 1.ยาว (> 2.5  มม.)  แต่สั้นกว่าเปลือก มม.)  ,3.52,10.8,2.82,ขาว,ข้าวเจ้า   ,เรียว,ค่อนข้างมาก,26.18,ต่ำ   (< 70๐ ซ.),แข็งปานกลาง  ( 36 – 40 มม.)   ,ไม่หอม     ,1.75
96,541,ขาวใหญ่ 221-34-70,มีบ้าง,เขียว,เขียว,ตั้งตรง,ขาว,มียอด,19,เขียวอ่อน     ,เขียวอ่อน ,5.33,เหลืองอ่อน   ,กอตั้ง   ,26-ต.ค.,ขาว,ฟาง,ฟาง,ไม่มี,-,แข็งมาก (ทุกต้นตั้งตรง) ,132.2,51,14.6,11.6,ปานกลาง        ,"ปานกลาง  (เช่น  KTH1ค่อนข้างกระจาย  (เช่น  หางยี) , KDML 105 , เจ้าฮ่อ)",คอรวงยาว      ,อ่อน,ปานกลาง,1 ?  ใบเขียว,ติดน้อย ( 50- ติดน้อยกว่า   50%          4 % )       ,ร่วงปานกลาง,ปานกลาง         ,27,ขนสั้น          ,ฟาง,สั้น   (< 1.ยาว (> 2.5  มม.)  แต่สั้นกว่าเปลือก มม.)  ,3.19,10.26,2.89,ขาว,ข้าวเจ้า   ,เรียว,ค่อนข้างมาก,18.36,ปานกลาง  ( 70 – 74๐ ซ.),อ่อนปานกลาง  ( 61 – 80 มม.),ไม่หอม     ,1.57
97,542,ขาวดอกมะลิ 4-1-173,มีขน,เขียวจาง,เขียว,นอน,ขาว,มียอด,26,เขียวอ่อน     ,เขียวอ่อน ,6,เขียว,กอตั้ง   ,14-ต.ค.,ขาว,ขาว,ฟาง,ไม่มี,-,แข็งมาก (ทุกต้นตั้งตรง) ,94,45.6,1.36,6.6,มีหลายลักษณะปนกัน,ค่อนข้างกระจาย  (เช่น  หางยี),สั้น,อ่อน,ปานกลาง,?  ใบเขียว   ,ติดเมล็ด  > ไม่ติดเลย       0%          ,ร่วงปานกลาง,ง่าย     ,26.6,ขนสั้น          ,น้ำตาล,สั้น   (< 1.ยาว (> 2.5  มม.)  แต่สั้นกว่าเปลือก มม.)  ,2.86,11.12,2.72,ขาว,ข้าวเจ้า   ,เรียว,น้อย   ,19.16,ต่ำ   (< 70๐ ซ.),อ่อน   ( > 80 มม.)     ,ไม่หอม     ,1.62
98,544,ข้าวหอม 12-7-70,มีขน,เขียวจาง,เขียว,นอน,ขาว,มียอด,18.2,เขียวอ่อน     ,เขียวอ่อน ,0.97,เหลืองอ่อน   ,กอแบะ   ,14-ต.ค.,ขาว,สีอื่น ๆ  ,สีอื่น ๆ  ,สั้น (ทุกเมล็ด),-,ค่อนข้างแข็ง (ส่วนมากเอน),118.8,74.2,1.56,8.6,หักลง,ค่อนข้างแน่น  (เช่น  หอมคลองหลวง 1),สั้น,อ่อน,ระแง้ถี่,?  ใบเขียว   ,ติดปานกลาง  ( ติดน้อยกว่า   50%          ติดน้อย ( 50- ติดน้อยกว่า   50%          4 % )       -ไม่ติดเลย       0% )   ,ร่วงง่าย     ,ง่าย     ,29.32,-,-,-,-,-,-,-,-,-,-,-,-,-,-,-
99,546,ขาวตาแห้ง 55-5-55,มีขน,เขียว,เขียว,ตั้งตรง,ขาว,แหลม,20,เขียวอ่อน     ,เขียวอ่อน ,8,เขียว,กอตั้ง   ,20-ต.ค.,ขาว,ขาว,ฟาง,ไม่มี,-,ค่อนข้างแข็ง (ส่วนมากเอน),114.6,55.8,1.46,5,เป็นแนวนอน     ,"ปานกลาง  (เช่น  KTH1ค่อนข้างกระจาย  (เช่น  หางยี) , KDML 105 , เจ้าฮ่อ)",คอรวงยาว      ,อ่อน,ปานกลาง,1 ?  ใบเขียว,ติดเมล็ด  > ไม่ติดเลย       0%          ,ร่วงน้อย,ง่าย     ,28.5,ขนสั้น          ,ฟางกระน้ำตาล  ,สั้น   (< 1.ยาว (> 2.5  มม.)  แต่สั้นกว่าเปลือก มม.)  ,3.31,10.39,2.97,ขาว,ข้าวเจ้า   ,ค่อนข้างป้อม    ,ค่อนข้างมาก,22.18,ปานกลาง  ( 70 – 74๐ ซ.),อ่อนปานกลาง  ( 61 – 80 มม.),ไม่หอม     ,1.68
100,547,ขาวใหญ่ 33-22-61,มีขน,เขียว,เขียว,นอน,ขาว,มียอด,28.6,เขียวอ่อน     ,เขียวอ่อน ,9.3,เขียว,กอแบะ   ,22-ต.ค.,ขาว,ขาว,ฟาง,ไม่มี,-,แข็งปานกลาง (มีล้มบ้าง)   ,117.8,52.28,1.56,5.6,เป็นแนวนอน     ,"ปานกลาง  (เช่น  KTH1ค่อนข้างกระจาย  (เช่น  หางยี) , KDML 105 , เจ้าฮ่อ)",คอรวงยาว      ,อ่อน,ปานกลาง,ใบแก่ช้า ( > 2 ใบเขียว),ติดเมล็ด  > ไม่ติดเลย       0%          ,ร่วงปานกลาง,ง่าย     ,28.94,ขนสั้น          ,ฟางกระน้ำตาล  ,สั้น   (< 1.ยาว (> 2.5  มม.)  แต่สั้นกว่าเปลือก มม.)  ,3.18,10.89,2.9,ขาว,ข้าวเจ้า   ,เรียว,มาก,22.51,ต่ำ   (< 70๐ ซ.),ปานกลาง  (41 – 60 มม.)    ,ไม่หอม     ,1.72
